[2026-04-15T11:19:13.021Z] POST /api/v1/auth/login - Status: 200 - IP: ::1 - User: Guest - ResponseTime: 498ms
[2026-04-15T11:19:15.298Z] GET /api/v1/auth/me - Status: 200 - IP: ::1 - User: Guest - ResponseTime: 235ms
[2026-04-15T11:19:15.573Z] GET /api/v1/events - Status: 200 - IP: ::1 - User: Guest - ResponseTime: 266ms
[2026-04-15T11:19:15.891Z] GET /api/v1/teams/registrations/69dbebf21459d2a84fe9c20e - Status: 200 - IP: ::1 - User: Guest - ResponseTime: 243ms
[2026-04-15T11:19:26.084Z] GET /api/v1/auth/me - Status: 200 - IP: ::1 - User: Guest - ResponseTime: 146ms
[2026-04-15T11:19:26.238Z] GET /api/v1/auth/me - Status: 200 - IP: ::1 - User: Guest - ResponseTime: 141ms
[2026-04-15T11:19:26.368Z] GET /api/v1/events/69dbebf21459d2a84fe9c20e - Status: 200 - IP: ::1 - User: Guest - ResponseTime: 114ms
[2026-04-15T11:19:26.736Z] GET /api/v1/teams/registrations/69dbebf21459d2a84fe9c20e - Status: 200 - IP: ::1 - User: Guest - ResponseTime: 330ms
[2026-04-15T11:19:26.940Z] GET /api/v1/schedule/69dbebf21459d2a84fe9c20e - Status: 200 - IP: ::1 - User: Guest - ResponseTime: 195ms
[2026-04-15T11:21:25.237Z] GET /api/v1/auth/me - Status: 200 - IP: ::1 - User: Guest - ResponseTime: 87ms
[2026-04-15T11:21:25.340Z] GET /api/v1/auth/me - Status: 200 - IP: ::1 - User: Guest - ResponseTime: 94ms
[2026-04-15T11:21:25.443Z] GET /api/v1/events/69dbebf21459d2a84fe9c20e - Status: 200 - IP: ::1 - User: Guest - ResponseTime: 93ms
[2026-04-15T11:21:25.597Z] GET /api/v1/teams/registrations/69dbebf21459d2a84fe9c20e - Status: 200 - IP: ::1 - User: Guest - ResponseTime: 145ms
[2026-04-15T11:21:25.743Z] GET /api/v1/schedule/69dbebf21459d2a84fe9c20e - Status: 200 - IP: ::1 - User: Guest - ResponseTime: 140ms
[2026-04-15T11:21:34.117Z] GET /api/v1/auth/me - Status: 200 - IP: ::1 - User: Guest - ResponseTime: 101ms
[2026-04-15T11:21:34.221Z] GET /api/v1/auth/me - Status: 200 - IP: ::1 - User: Guest - ResponseTime: 96ms
[2026-04-15T11:21:34.324Z] GET /api/v1/events/69dbebf21459d2a84fe9c20e - Status: 200 - IP: ::1 - User: Guest - ResponseTime: 91ms
[2026-04-15T11:21:34.470Z] GET /api/v1/teams/registrations/69dbebf21459d2a84fe9c20e - Status: 200 - IP: ::1 - User: Guest - ResponseTime: 139ms
[2026-04-15T11:21:34.664Z] GET /api/v1/schedule/69dbebf21459d2a84fe9c20e - Status: 200 - IP: ::1 - User: Guest - ResponseTime: 142ms
[2026-04-15T11:21:40.506Z] GET /api/v1/auth/me - Status: 200 - IP: ::1 - User: Guest - ResponseTime: 90ms
[2026-04-15T11:21:40.608Z] GET /api/v1/auth/me - Status: 200 - IP: ::1 - User: Guest - ResponseTime: 88ms
[2026-04-15T11:21:40.701Z] GET /api/v1/events/69dbebf21459d2a84fe9c20e - Status: 200 - IP: ::1 - User: Guest - ResponseTime: 86ms
[2026-04-15T11:21:40.855Z] GET /api/v1/teams/registrations/69dbebf21459d2a84fe9c20e - Status: 200 - IP: ::1 - User: Guest - ResponseTime: 141ms
[2026-04-15T11:21:41.218Z] GET /api/v1/schedule/69dbebf21459d2a84fe9c20e - Status: 200 - IP: ::1 - User: Guest - ResponseTime: 139ms
[2026-04-15T11:22:21.849Z] GET /api/v1/auth/me - Status: 200 - IP: ::1 - User: Guest - ResponseTime: 117ms
[2026-04-15T11:22:22.042Z] GET /api/v1/events - Status: 200 - IP: ::1 - User: Guest - ResponseTime: 182ms
[2026-04-15T11:22:22.261Z] GET /api/v1/teams/registrations/69dbebf21459d2a84fe9c20e - Status: 200 - IP: ::1 - User: Guest - ResponseTime: 207ms
[2026-04-15T11:22:36.411Z] GET /api/v1/auth/me - Status: 401 - IP: ::1 - User: Guest - ResponseTime: 0ms
[2026-04-15T11:22:36.546Z] GET /api/v1/auth/me - Status: 401 - IP: ::1 - User: Guest - ResponseTime: 0ms
[2026-04-15T11:22:48.463Z] POST /api/v1/auth/login - Status: 200 - IP: ::1 - User: Guest - ResponseTime: 530ms
[2026-04-15T11:22:50.636Z] GET /api/v1/auth/me - Status: 200 - IP: ::1 - User: Guest - ResponseTime: 225ms
[2026-04-15T11:22:50.735Z] GET /api/v1/events - Status: 200 - IP: ::1 - User: Guest - ResponseTime: 86ms
[2026-04-15T11:22:51.454Z] GET /api/v1/teams/checkregistration/69dbebf21459d2a84fe9c20e - Status: 200 - IP: ::1 - User: Guest - ResponseTime: 696ms
[2026-04-15T11:39:54.361Z] POST /api/v1/auth/login - Status: 200 - IP: ::1 - User: Guest - ResponseTime: 1049ms
[2026-04-15T11:40:38.391Z] GET /api/v1/auth/me - Status: 200 - IP: ::1 - User: Guest - ResponseTime: 210ms
[2026-04-15T11:40:38.930Z] GET /api/v1/events - Status: 200 - IP: ::1 - User: Guest - ResponseTime: 531ms
[2026-04-15T11:40:39.899Z] GET /api/v1/teams/checkregistration/69dbebf21459d2a84fe9c20e - Status: 200 - IP: ::1 - User: Guest - ResponseTime: 884ms
[2026-04-15T11:40:43.175Z] GET /api/v1/auth/me - Status: 200 - IP: ::1 - User: Guest - ResponseTime: 80ms
[2026-04-15T11:40:43.261Z] GET /api/v1/events - Status: 200 - IP: ::1 - User: Guest - ResponseTime: 79ms
[2026-04-15T11:40:43.347Z] GET /api/v1/teams/checkregistration/69dbebf21459d2a84fe9c20e - Status: 200 - IP: ::1 - User: Guest - ResponseTime: 77ms
[2026-04-15T11:40:50.030Z] GET /api/v1/payment/69df4aa34199ef55245cc882/getstatus - Status: 403 - IP: ::1 - User: Guest - ResponseTime: 179ms
[2026-04-15T11:41:34.131Z] GET /api/v1/payment/69df4aa34199ef55245cc882/getstatus - Status: 403 - IP: ::1 - User: Guest - ResponseTime: 87ms
[2026-04-15T11:42:02.773Z] GET /api/v1/auth/me - Status: 200 - IP: ::1 - User: Guest - ResponseTime: 119ms
[2026-04-15T11:42:03.058Z] GET /api/v1/events - Status: 200 - IP: ::1 - User: Guest - ResponseTime: 259ms
[2026-04-15T11:42:03.295Z] GET /api/v1/teams/checkregistration/69dbebf21459d2a84fe9c20e - Status: 200 - IP: ::1 - User: Guest - ResponseTime: 182ms
[2026-04-15T11:42:04.956Z] GET /api/v1/payment/69df4aa34199ef55245cc882/getstatus - Status: 200 - IP: ::1 - User: Guest - ResponseTime: 87ms
[2026-04-15T11:44:57.477Z] GET /api/v1/auth/me - Status: 200 - IP: ::1 - User: Guest - ResponseTime: 695ms
[2026-04-15T11:44:57.592Z] GET /api/v1/events - Status: 200 - IP: ::1 - User: Guest - ResponseTime: 104ms
[2026-04-15T11:44:57.705Z] GET /api/v1/teams/checkregistration/69dbebf21459d2a84fe9c20e - Status: 200 - IP: ::1 - User: Guest - ResponseTime: 87ms
[2026-04-15T11:45:18.924Z] GET /api/v1/payment/69df4aa34199ef55245cc882/getstatus - Status: 200 - IP: ::1 - User: Guest - ResponseTime: 133ms
[2026-04-15T11:45:19.069Z] GET /api/v1/payment/69df4aa34199ef55245cc882/getstatus - Status: 200 - IP: ::1 - User: Guest - ResponseTime: 139ms
[2026-04-15T11:45:33.339Z] POST /api/v1/payment/69df4aa34199ef55245cc882 - Status: 200 - IP: ::1 - User: Guest - ResponseTime: 2999ms
[2026-04-15T11:45:33.420Z] GET /api/v1/teams/checkregistration/69dbebf21459d2a84fe9c20e - Status: 200 - IP: ::1 - User: Guest - ResponseTime: 73ms
[2026-04-15T11:45:56.070Z] GET /api/v1/payment/69df4aa34199ef55245cc882/getstatus - Status: 200 - IP: ::1 - User: Guest - ResponseTime: 108ms
[2026-04-15T11:45:56.198Z] GET /api/v1/payment/69df4aa34199ef55245cc882/getstatus - Status: 200 - IP: ::1 - User: Guest - ResponseTime: 117ms
[2026-04-15T11:46:13.498Z] GET /api/v1/auth/me - Status: 401 - IP: ::1 - User: Guest - ResponseTime: 0ms
[2026-04-15T11:46:13.642Z] GET /api/v1/auth/me - Status: 401 - IP: ::1 - User: Guest - ResponseTime: 0ms
[2026-04-15T11:46:21.587Z] POST /api/v1/auth/login - Status: 200 - IP: ::1 - User: Guest - ResponseTime: 511ms
[2026-04-15T11:46:23.298Z] GET /api/v1/auth/me - Status: 200 - IP: ::1 - User: Guest - ResponseTime: 105ms
[2026-04-15T11:46:23.541Z] GET /api/v1/events - Status: 200 - IP: ::1 - User: Guest - ResponseTime: 232ms
[2026-04-15T11:46:23.731Z] GET /api/v1/teams/registrations/69dbebf21459d2a84fe9c20e - Status: 200 - IP: ::1 - User: Guest - ResponseTime: 125ms
[2026-04-15T11:46:27.428Z] GET /api/v1/auth/me - Status: 200 - IP: ::1 - User: Guest - ResponseTime: 1362ms
[2026-04-15T11:46:27.587Z] GET /api/v1/auth/me - Status: 200 - IP: ::1 - User: Guest - ResponseTime: 153ms
[2026-04-15T11:46:27.666Z] GET /api/v1/events/69dbebf21459d2a84fe9c20e - Status: 200 - IP: ::1 - User: Guest - ResponseTime: 73ms
[2026-04-15T11:46:27.932Z] GET /api/v1/teams/registrations/69dbebf21459d2a84fe9c20e - Status: 200 - IP: ::1 - User: Guest - ResponseTime: 259ms
[2026-04-15T11:46:28.852Z] GET /api/v1/schedule/69dbebf21459d2a84fe9c20e - Status: 200 - IP: ::1 - User: Guest - ResponseTime: 884ms
[2026-04-15T11:47:06.613Z] GET /api/v1/auth/me - Status: 200 - IP: ::1 - User: Guest - ResponseTime: 595ms
[2026-04-15T11:47:06.739Z] GET /api/v1/auth/me - Status: 200 - IP: ::1 - User: Guest - ResponseTime: 116ms
[2026-04-15T11:47:06.978Z] GET /api/v1/events/69dbebf21459d2a84fe9c20e - Status: 200 - IP: ::1 - User: Guest - ResponseTime: 132ms
[2026-04-15T11:47:07.329Z] GET /api/v1/teams/registrations/69dbebf21459d2a84fe9c20e - Status: 200 - IP: ::1 - User: Guest - ResponseTime: 269ms
[2026-04-15T11:47:07.535Z] GET /api/v1/schedule/69dbebf21459d2a84fe9c20e - Status: 200 - IP: ::1 - User: Guest - ResponseTime: 184ms
[2026-04-15T11:48:45.569Z] GET /api/v1/schedule/69dbebf21459d2a84fe9c20e - Status: 200 - IP: ::1 - User: Guest - ResponseTime: 145ms
[2026-04-15T11:48:54.330Z] GET /api/v1/auth/me - Status: 200 - IP: ::1 - User: Guest - ResponseTime: 98ms
[2026-04-15T11:48:54.702Z] GET /api/v1/events - Status: 200 - IP: ::1 - User: Guest - ResponseTime: 366ms
[2026-04-15T11:48:54.795Z] GET /api/v1/teams/checkregistration/69dbebf21459d2a84fe9c20e - Status: 200 - IP: ::1 - User: Guest - ResponseTime: 84ms
[2026-04-15T11:48:54.925Z] GET /api/v1/auth/me - Status: 200 - IP: ::1 - User: Guest - ResponseTime: 132ms
[2026-04-15T11:48:55.095Z] GET /api/v1/auth/me - Status: 200 - IP: ::1 - User: Guest - ResponseTime: 96ms
[2026-04-15T11:48:55.313Z] GET /api/v1/events/69dbebf21459d2a84fe9c20e - Status: 200 - IP: ::1 - User: Guest - ResponseTime: 113ms
[2026-04-15T11:48:55.859Z] GET /api/v1/teams/registrations/69dbebf21459d2a84fe9c20e - Status: 200 - IP: ::1 - User: Guest - ResponseTime: 117ms
[2026-04-15T11:48:56.065Z] GET /api/v1/schedule/69dbebf21459d2a84fe9c20e - Status: 200 - IP: ::1 - User: Guest - ResponseTime: 123ms
[2026-04-15T11:48:56.414Z] GET /api/v1/payment/69df4aa34199ef55245cc882/getstatus - Status: 200 - IP: ::1 - User: Guest - ResponseTime: 82ms
[2026-04-15T11:48:56.503Z] GET /api/v1/payment/69df4aa34199ef55245cc882/getstatus - Status: 200 - IP: ::1 - User: Guest - ResponseTime: 83ms
[2026-04-15T11:49:18.388Z] GET /api/v1/auth/me - Status: 200 - IP: ::1 - User: Guest - ResponseTime: 481ms
[2026-04-15T11:49:18.621Z] GET /api/v1/events - Status: 200 - IP: ::1 - User: Guest - ResponseTime: 226ms
[2026-04-15T11:49:18.623Z] GET /api/v1/auth/me - Status: 200 - IP: ::1 - User: Guest - ResponseTime: 174ms
[2026-04-15T11:49:19.032Z] GET /api/v1/teams/checkregistration/69dbebf21459d2a84fe9c20e - Status: 200 - IP: ::1 - User: Guest - ResponseTime: 233ms
[2026-04-15T11:49:19.033Z] GET /api/v1/auth/me - Status: 200 - IP: ::1 - User: Guest - ResponseTime: 193ms
[2026-04-15T11:49:19.286Z] GET /api/v1/events/69dbebf21459d2a84fe9c20e - Status: 200 - IP: ::1 - User: Guest - ResponseTime: 132ms
[2026-04-15T11:49:19.748Z] GET /api/v1/teams/registrations/69dbebf21459d2a84fe9c20e - Status: 200 - IP: ::1 - User: Guest - ResponseTime: 393ms
[2026-04-15T11:49:19.952Z] GET /api/v1/schedule/69dbebf21459d2a84fe9c20e - Status: 200 - IP: ::1 - User: Guest - ResponseTime: 175ms
[2026-04-15T11:49:20.798Z] GET /api/v1/payment/69df4aa34199ef55245cc882/getstatus - Status: 200 - IP: ::1 - User: Guest - ResponseTime: 72ms
[2026-04-15T11:49:20.877Z] GET /api/v1/payment/69df4aa34199ef55245cc882/getstatus - Status: 200 - IP: ::1 - User: Guest - ResponseTime: 74ms
[2026-04-15T11:49:22.904Z] GET /api/v1/auth/me - Status: 200 - IP: ::1 - User: Guest - ResponseTime: 73ms
[2026-04-15T11:49:22.985Z] GET /api/v1/events - Status: 200 - IP: ::1 - User: Guest - ResponseTime: 73ms
[2026-04-15T11:49:23.063Z] GET /api/v1/teams/checkregistration/69dbebf21459d2a84fe9c20e - Status: 200 - IP: ::1 - User: Guest - ResponseTime: 71ms
[2026-04-15T11:49:23.547Z] GET /api/v1/auth/me - Status: 200 - IP: ::1 - User: Guest - ResponseTime: 82ms
[2026-04-15T11:49:23.762Z] GET /api/v1/auth/me - Status: 200 - IP: ::1 - User: Guest - ResponseTime: 98ms
[2026-04-15T11:49:23.947Z] GET /api/v1/events/69dbebf21459d2a84fe9c20e - Status: 200 - IP: ::1 - User: Guest - ResponseTime: 81ms
[2026-04-15T11:49:24.505Z] GET /api/v1/teams/registrations/69dbebf21459d2a84fe9c20e - Status: 200 - IP: ::1 - User: Guest - ResponseTime: 135ms
[2026-04-15T11:49:24.639Z] GET /api/v1/payment/69df4aa34199ef55245cc882/getstatus - Status: 200 - IP: ::1 - User: Guest - ResponseTime: 86ms
[2026-04-15T11:49:24.722Z] GET /api/v1/payment/69df4aa34199ef55245cc882/getstatus - Status: 200 - IP: ::1 - User: Guest - ResponseTime: 76ms
[2026-04-15T11:49:24.723Z] GET /api/v1/schedule/69dbebf21459d2a84fe9c20e - Status: 200 - IP: ::1 - User: Guest - ResponseTime: 121ms
[2026-04-15T11:49:35.060Z] GET /api/v1/payment/69df4aa34199ef55245cc882/getstatus - Status: 200 - IP: ::1 - User: Guest - ResponseTime: 1168ms
[2026-04-15T11:49:35.184Z] GET /api/v1/payment/69df4aa34199ef55245cc882/getstatus - Status: 200 - IP: ::1 - User: Guest - ResponseTime: 115ms
[2026-04-15T11:50:03.599Z] GET /api/v1/auth/me - Status: 200 - IP: ::1 - User: Guest - ResponseTime: 699ms
[2026-04-15T11:50:03.678Z] GET /api/v1/auth/me - Status: 200 - IP: ::1 - User: Guest - ResponseTime: 314ms
[2026-04-15T11:50:03.683Z] GET /api/v1/events - Status: 200 - IP: ::1 - User: Guest - ResponseTime: 71ms
[2026-04-15T11:50:03.765Z] GET /api/v1/auth/me - Status: 200 - IP: ::1 - User: Guest - ResponseTime: 79ms
[2026-04-15T11:50:03.824Z] GET /api/v1/teams/checkregistration/69dbebf21459d2a84fe9c20e - Status: 200 - IP: ::1 - User: Guest - ResponseTime: 71ms
[2026-04-15T11:50:03.948Z] GET /api/v1/events/69dbebf21459d2a84fe9c20e - Status: 200 - IP: ::1 - User: Guest - ResponseTime: 79ms
[2026-04-15T11:50:04.427Z] GET /api/v1/teams/registrations/69dbebf21459d2a84fe9c20e - Status: 200 - IP: ::1 - User: Guest - ResponseTime: 118ms
[2026-04-15T11:50:04.636Z] GET /api/v1/schedule/69dbebf21459d2a84fe9c20e - Status: 200 - IP: ::1 - User: Guest - ResponseTime: 119ms
[2026-04-15T11:50:13.459Z] GET /api/v1/schedule/69dbebf21459d2a84fe9c20e - Status: 200 - IP: ::1 - User: Guest - ResponseTime: 189ms
[2026-04-15T11:50:25.867Z] GET /api/v1/payment/69df4aa34199ef55245cc882/getstatus - Status: 200 - IP: ::1 - User: Guest - ResponseTime: 108ms
[2026-04-15T11:50:25.973Z] GET /api/v1/payment/69df4aa34199ef55245cc882/getstatus - Status: 200 - IP: ::1 - User: Guest - ResponseTime: 97ms
[2026-04-15T11:52:04.796Z] GET /api/v1/auth/me - Status: 200 - IP: ::1 - User: Guest - ResponseTime: 82ms
[2026-04-15T11:52:05.482Z] GET /api/v1/events - Status: 200 - IP: ::1 - User: Guest - ResponseTime: 675ms
[2026-04-15T11:52:05.786Z] GET /api/v1/teams/checkregistration/69dbebf21459d2a84fe9c20e - Status: 200 - IP: ::1 - User: Guest - ResponseTime: 246ms
[2026-04-15T11:52:41.660Z] POST /api/v1/teams/register - Status: 200 - IP: ::1 - User: Guest - ResponseTime: 5679ms
[2026-04-15T11:52:42.629Z] GET /api/v1/teams/checkregistration/69dbebf21459d2a84fe9c20e - Status: 200 - IP: ::1 - User: Guest - ResponseTime: 960ms
[2026-04-15T11:52:45.596Z] GET /api/v1/payment/69df7c056f933e1911558bc8/getstatus - Status: 200 - IP: ::1 - User: Guest - ResponseTime: 115ms
[2026-04-15T11:52:45.704Z] GET /api/v1/payment/69df7c056f933e1911558bc8/getstatus - Status: 200 - IP: ::1 - User: Guest - ResponseTime: 99ms
[2026-04-15T11:53:06.886Z] POST /api/v1/payment/69df7c056f933e1911558bc8 - Status: 200 - IP: ::1 - User: Guest - ResponseTime: 3702ms
[2026-04-15T11:53:07.038Z] GET /api/v1/teams/checkregistration/69dbebf21459d2a84fe9c20e - Status: 200 - IP: ::1 - User: Guest - ResponseTime: 144ms
[2026-04-15T11:53:15.476Z] GET /api/v1/auth/me - Status: 200 - IP: ::1 - User: Guest - ResponseTime: 152ms
[2026-04-15T11:53:15.602Z] GET /api/v1/auth/me - Status: 200 - IP: ::1 - User: Guest - ResponseTime: 110ms
[2026-04-15T11:53:15.789Z] GET /api/v1/events/69dbebf21459d2a84fe9c20e - Status: 200 - IP: ::1 - User: Guest - ResponseTime: 144ms
[2026-04-15T11:53:15.976Z] GET /api/v1/teams/registrations/69dbebf21459d2a84fe9c20e - Status: 200 - IP: ::1 - User: Guest - ResponseTime: 167ms
[2026-04-15T11:53:16.241Z] GET /api/v1/schedule/69dbebf21459d2a84fe9c20e - Status: 200 - IP: ::1 - User: Guest - ResponseTime: 250ms
[2026-04-15T11:53:26.578Z] PUT /api/v1/teams/registrations/69df7c056f933e1911558bc8/approve - Status: 200 - IP: ::1 - User: Guest - ResponseTime: 419ms
[2026-04-15T11:53:29.031Z] GET /api/v1/teams/registrations/69dbebf21459d2a84fe9c20e - Status: 200 - IP: ::1 - User: Guest - ResponseTime: 352ms
[2026-04-15T11:53:33.703Z] GET /api/v1/auth/me - Status: 200 - IP: ::1 - User: Guest - ResponseTime: 103ms
[2026-04-15T11:53:33.808Z] GET /api/v1/events - Status: 200 - IP: ::1 - User: Guest - ResponseTime: 88ms
[2026-04-15T11:53:33.948Z] GET /api/v1/teams/checkregistration/69dbebf21459d2a84fe9c20e - Status: 200 - IP: ::1 - User: Guest - ResponseTime: 131ms
[2026-04-15T11:53:36.838Z] GET /api/v1/payment/69df7c056f933e1911558bc8/getstatus - Status: 200 - IP: ::1 - User: Guest - ResponseTime: 85ms
[2026-04-15T11:53:36.926Z] GET /api/v1/payment/69df7c056f933e1911558bc8/getstatus - Status: 200 - IP: ::1 - User: Guest - ResponseTime: 80ms
[2026-04-15T11:53:46.901Z] GET /api/v1/payment/69df7c056f933e1911558bc8/getstatus - Status: 200 - IP: ::1 - User: Guest - ResponseTime: 222ms
[2026-04-15T11:53:47.029Z] GET /api/v1/payment/69df7c056f933e1911558bc8/getstatus - Status: 200 - IP: ::1 - User: Guest - ResponseTime: 121ms
[2026-04-15T11:54:11.365Z] GET /api/v1/auth/me - Status: 200 - IP: ::1 - User: Guest - ResponseTime: 396ms
[2026-04-15T11:54:11.474Z] GET /api/v1/auth/me - Status: 200 - IP: ::1 - User: Guest - ResponseTime: 100ms
[2026-04-15T11:54:11.772Z] GET /api/v1/events/69dbebf21459d2a84fe9c20e - Status: 200 - IP: ::1 - User: Guest - ResponseTime: 177ms
[2026-04-15T11:54:12.114Z] GET /api/v1/teams/registrations/69dbebf21459d2a84fe9c20e - Status: 200 - IP: ::1 - User: Guest - ResponseTime: 319ms
[2026-04-15T11:54:12.325Z] GET /api/v1/schedule/69dbebf21459d2a84fe9c20e - Status: 200 - IP: ::1 - User: Guest - ResponseTime: 198ms
[2026-04-15T12:02:28.963Z] GET /api/v1/payment/69df7c056f933e1911558bc8/getstatus - Status: 401 - IP: ::1 - User: Guest - ResponseTime: 0ms
[2026-04-15T12:02:28.967Z] GET /api/v1/payment/69df7c056f933e1911558bc8/getstatus - Status: 401 - IP: ::1 - User: Guest - ResponseTime: 0ms
[2026-04-15T12:02:32.794Z] GET /api/v1/auth/me - Status: 401 - IP: ::1 - User: Guest - ResponseTime: 0ms
[2026-04-15T12:02:32.882Z] GET /api/v1/auth/me - Status: 401 - IP: ::1 - User: Guest - ResponseTime: 0ms
[2026-04-15T12:02:48.497Z] POST /api/v1/auth/login - Status: 200 - IP: ::1 - User: Guest - ResponseTime: 648ms
[2026-04-15T12:02:50.361Z] GET /api/v1/auth/me - Status: 200 - IP: ::1 - User: Guest - ResponseTime: 102ms
[2026-04-15T12:02:51.250Z] GET /api/v1/events - Status: 200 - IP: ::1 - User: Guest - ResponseTime: 881ms
[2026-04-15T12:02:51.563Z] GET /api/v1/teams/checkregistration/69dbebf21459d2a84fe9c20e - Status: 200 - IP: ::1 - User: Guest - ResponseTime: 270ms
[2026-04-15T12:02:54.277Z] GET /api/v1/payment/69df7c056f933e1911558bc8/getstatus - Status: 200 - IP: ::1 - User: Guest - ResponseTime: 151ms
[2026-04-15T12:02:54.491Z] GET /api/v1/payment/69df7c056f933e1911558bc8/getstatus - Status: 200 - IP: ::1 - User: Guest - ResponseTime: 204ms
[2026-04-15T12:47:53.738Z] GET /api/v1/auth/me - Status: 401 - IP: ::1 - User: Guest - ResponseTime: 0ms
[2026-04-15T12:47:53.795Z] GET /api/v1/auth/me - Status: 401 - IP: ::1 - User: Guest - ResponseTime: 0ms
[2026-04-15T12:48:10.771Z] POST /api/v1/auth/login - Status: 200 - IP: ::1 - User: Guest - ResponseTime: 1952ms
[2026-04-15T12:48:32.977Z] GET /api/v1/auth/me - Status: 200 - IP: ::1 - User: Guest - ResponseTime: 20221ms
[2026-04-15T12:48:33.450Z] GET /api/v1/events - Status: 200 - IP: ::1 - User: Guest - ResponseTime: 470ms
[2026-04-15T12:48:33.771Z] GET /api/v1/teams/checkregistration/69dbebf21459d2a84fe9c20e - Status: 200 - IP: ::1 - User: Guest - ResponseTime: 300ms
[2026-04-15T12:48:44.087Z] GET /api/v1/payment/69df7c056f933e1911558bc8/getstatus - Status: 200 - IP: ::1 - User: Guest - ResponseTime: 146ms
[2026-04-15T12:48:44.212Z] GET /api/v1/payment/69df7c056f933e1911558bc8/getstatus - Status: 200 - IP: ::1 - User: Guest - ResponseTime: 121ms
[2026-04-15T12:51:09.206Z] GET /api/v1/auth/me - Status: 401 - IP: ::1 - User: Guest - ResponseTime: 2ms
[2026-04-15T12:51:09.918Z] GET /api/v1/auth/me - Status: 401 - IP: ::1 - User: Guest - ResponseTime: 1ms
[2026-04-15T12:51:14.568Z] GET /api/v1/auth/me - Status: 200 - IP: ::1 - User: Guest - ResponseTime: 123ms
[2026-04-15T12:51:14.767Z] GET /api/v1/events - Status: 200 - IP: ::1 - User: Guest - ResponseTime: 193ms
[2026-04-15T12:51:15.176Z] GET /api/v1/teams/checkregistration/69dbebf21459d2a84fe9c20e - Status: 200 - IP: ::1 - User: Guest - ResponseTime: 383ms
[2026-04-15T12:51:17.391Z] GET /api/v1/payment/69df7c056f933e1911558bc8/getstatus - Status: 200 - IP: ::1 - User: Guest - ResponseTime: 92ms
[2026-04-15T12:51:17.484Z] GET /api/v1/payment/69df7c056f933e1911558bc8/getstatus - Status: 200 - IP: ::1 - User: Guest - ResponseTime: 81ms
[2026-04-15T12:58:03.825Z] POST /api/v1/auth/login - Status: 200 - IP: ::1 - User: Guest - ResponseTime: 649ms
[2026-04-15T12:58:06.530Z] GET /api/v1/auth/me - Status: 200 - IP: ::1 - User: Guest - ResponseTime: 321ms
[2026-04-15T12:58:07.150Z] GET /api/v1/events - Status: 200 - IP: ::1 - User: Guest - ResponseTime: 609ms
[2026-04-15T12:58:07.374Z] GET /api/v1/teams/registrations/69dbebf21459d2a84fe9c20e - Status: 200 - IP: ::1 - User: Guest - ResponseTime: 168ms
[2026-04-15T12:58:11.424Z] GET /api/v1/auth/me - Status: 200 - IP: ::1 - User: Guest - ResponseTime: 194ms
[2026-04-15T12:58:11.552Z] GET /api/v1/auth/me - Status: 200 - IP: ::1 - User: Guest - ResponseTime: 118ms
[2026-04-15T12:58:12.055Z] GET /api/v1/events/69dbebf21459d2a84fe9c20e - Status: 200 - IP: ::1 - User: Guest - ResponseTime: 379ms
[2026-04-15T12:58:12.289Z] GET /api/v1/teams/registrations/69dbebf21459d2a84fe9c20e - Status: 200 - IP: ::1 - User: Guest - ResponseTime: 200ms
[2026-04-15T12:58:12.595Z] GET /api/v1/schedule/69dbebf21459d2a84fe9c20e - Status: 200 - IP: ::1 - User: Guest - ResponseTime: 283ms
[2026-04-15T12:58:20.064Z] PUT /api/v1/teams/registrations/69df7c056f933e1911558bc8/reject - Status: 200 - IP: ::1 - User: Guest - ResponseTime: 297ms
[2026-04-15T12:58:22.215Z] GET /api/v1/teams/registrations/69dbebf21459d2a84fe9c20e - Status: 200 - IP: ::1 - User: Guest - ResponseTime: 345ms
[2026-04-15T12:58:31.219Z] PUT /api/v1/teams/registrations/69df7c056f933e1911558bc8/approve - Status: 200 - IP: ::1 - User: Guest - ResponseTime: 556ms
[2026-04-15T12:58:33.164Z] GET /api/v1/teams/registrations/69dbebf21459d2a84fe9c20e - Status: 200 - IP: ::1 - User: Guest - ResponseTime: 225ms
[2026-04-15T13:06:03.405Z] GET /api/v1/auth/me - Status: 401 - IP: ::1 - User: Guest - ResponseTime: 3ms
[2026-04-15T13:06:03.482Z] GET /api/v1/auth/me - Status: 401 - IP: ::1 - User: Guest - ResponseTime: 1ms
[2026-04-15T13:06:14.178Z] POST /api/v1/auth/login - Status: 200 - IP: ::1 - User: Guest - ResponseTime: 541ms
[2026-04-15T13:06:16.072Z] GET /api/v1/auth/me - Status: 200 - IP: ::1 - User: Guest - ResponseTime: 119ms
[2026-04-15T13:06:16.388Z] GET /api/v1/events - Status: 200 - IP: ::1 - User: Guest - ResponseTime: 309ms
[2026-04-15T13:06:17.206Z] GET /api/v1/teams/checkregistration/69dbebf21459d2a84fe9c20e - Status: 200 - IP: ::1 - User: Guest - ResponseTime: 765ms
[2026-04-15T13:06:19.069Z] GET /api/v1/payment/69df7c056f933e1911558bc8/getstatus - Status: 200 - IP: ::1 - User: Guest - ResponseTime: 80ms
[2026-04-15T13:06:19.155Z] GET /api/v1/payment/69df7c056f933e1911558bc8/getstatus - Status: 200 - IP: ::1 - User: Guest - ResponseTime: 77ms
[2026-04-15T13:06:39.034Z] GET /api/v1/auth/me - Status: 200 - IP: ::1 - User: Guest - ResponseTime: 115ms
[2026-04-15T13:06:39.393Z] GET /api/v1/events - Status: 200 - IP: ::1 - User: Guest - ResponseTime: 354ms
[2026-04-15T13:06:39.862Z] GET /api/v1/teams/checkregistration/69dbebf21459d2a84fe9c20e - Status: 200 - IP: ::1 - User: Guest - ResponseTime: 435ms
[2026-04-15T13:06:42.522Z] GET /api/v1/payment/69df7c056f933e1911558bc8/getstatus - Status: 200 - IP: ::1 - User: Guest - ResponseTime: 152ms
[2026-04-15T13:06:42.645Z] GET /api/v1/payment/69df7c056f933e1911558bc8/getstatus - Status: 200 - IP: ::1 - User: Guest - ResponseTime: 114ms
[2026-04-15T13:06:57.463Z] GET /api/v1/auth/me - Status: 200 - IP: ::1 - User: Guest - ResponseTime: 1397ms
[2026-04-15T13:06:57.587Z] GET /api/v1/auth/me - Status: 200 - IP: ::1 - User: Guest - ResponseTime: 103ms
[2026-04-15T13:06:57.946Z] GET /api/v1/events/69dbebf21459d2a84fe9c20e - Status: 200 - IP: ::1 - User: Guest - ResponseTime: 220ms
[2026-04-15T13:06:58.456Z] GET /api/v1/teams/registrations/69dbebf21459d2a84fe9c20e - Status: 200 - IP: ::1 - User: Guest - ResponseTime: 486ms
[2026-04-15T13:06:58.796Z] GET /api/v1/schedule/69dbebf21459d2a84fe9c20e - Status: 200 - IP: ::1 - User: Guest - ResponseTime: 307ms
[2026-04-15T13:07:08.002Z] PUT /api/v1/teams/registrations/69df7c056f933e1911558bc8/reject - Status: 200 - IP: ::1 - User: Guest - ResponseTime: 326ms
[2026-04-15T13:07:10.969Z] GET /api/v1/teams/registrations/69dbebf21459d2a84fe9c20e - Status: 200 - IP: ::1 - User: Guest - ResponseTime: 1238ms
[2026-04-15T13:07:24.683Z] PUT /api/v1/teams/registrations/69df7c056f933e1911558bc8/approve - Status: 200 - IP: ::1 - User: Guest - ResponseTime: 178ms
[2026-04-15T13:07:26.326Z] GET /api/v1/teams/registrations/69dbebf21459d2a84fe9c20e - Status: 200 - IP: ::1 - User: Guest - ResponseTime: 197ms
[2026-04-15T13:19:13.475Z] POST /api/v1/auth/login - Status: 200 - IP: ::1 - User: Guest - ResponseTime: 290ms
[2026-04-15T13:19:15.398Z] GET /api/v1/auth/me - Status: 200 - IP: ::1 - User: Guest - ResponseTime: 87ms
[2026-04-15T13:19:15.726Z] GET /api/v1/events - Status: 200 - IP: ::1 - User: Guest - ResponseTime: 321ms
[2026-04-15T13:19:15.961Z] GET /api/v1/teams/checkregistration/69dbebf21459d2a84fe9c20e - Status: 200 - IP: ::1 - User: Guest - ResponseTime: 204ms
[2026-04-15T13:19:18.502Z] GET /api/v1/payment/69df7c056f933e1911558bc8/getstatus - Status: 200 - IP: ::1 - User: Guest - ResponseTime: 82ms
[2026-04-15T13:19:18.627Z] GET /api/v1/payment/69df7c056f933e1911558bc8/getstatus - Status: 200 - IP: ::1 - User: Guest - ResponseTime: 113ms
[2026-04-15T13:19:39.538Z] POST /api/v1/auth/login - Status: 200 - IP: ::1 - User: Guest - ResponseTime: 1755ms
[2026-04-15T13:19:42.153Z] GET /api/v1/auth/me - Status: 200 - IP: ::1 - User: Guest - ResponseTime: 94ms
[2026-04-15T13:19:42.507Z] GET /api/v1/events - Status: 200 - IP: ::1 - User: Guest - ResponseTime: 256ms
[2026-04-15T13:19:42.915Z] GET /api/v1/teams/registrations/69dbebf21459d2a84fe9c20e - Status: 200 - IP: ::1 - User: Guest - ResponseTime: 362ms
[2026-04-15T13:19:48.185Z] GET /api/v1/auth/me - Status: 200 - IP: ::1 - User: Guest - ResponseTime: 108ms
[2026-04-15T13:19:48.406Z] GET /api/v1/auth/me - Status: 200 - IP: ::1 - User: Guest - ResponseTime: 132ms
[2026-04-15T13:19:48.615Z] GET /api/v1/events/69dbebf21459d2a84fe9c20e - Status: 200 - IP: ::1 - User: Guest - ResponseTime: 115ms
[2026-04-15T13:19:49.061Z] GET /api/v1/teams/registrations/69dbebf21459d2a84fe9c20e - Status: 200 - IP: ::1 - User: Guest - ResponseTime: 346ms
[2026-04-15T13:19:49.377Z] GET /api/v1/schedule/69dbebf21459d2a84fe9c20e - Status: 200 - IP: ::1 - User: Guest - ResponseTime: 293ms
[2026-04-15T13:19:57.753Z] PUT /api/v1/teams/registrations/69df7c056f933e1911558bc8/reject - Status: 200 - IP: ::1 - User: Guest - ResponseTime: 401ms
[2026-04-15T13:20:00.210Z] GET /api/v1/teams/registrations/69dbebf21459d2a84fe9c20e - Status: 200 - IP: ::1 - User: Guest - ResponseTime: 498ms
[2026-04-15T13:21:02.632Z] PUT /api/v1/teams/registrations/69df7c056f933e1911558bc8/reject - Status: 200 - IP: ::1 - User: Guest - ResponseTime: 847ms
[2026-04-15T13:21:04.474Z] GET /api/v1/teams/registrations/69dbebf21459d2a84fe9c20e - Status: 200 - IP: ::1 - User: Guest - ResponseTime: 318ms
[2026-04-15T13:23:02.040Z] GET /api/v1/auth/me - Status: 200 - IP: ::1 - User: Guest - ResponseTime: 91ms
[2026-04-15T13:23:02.372Z] GET /api/v1/events - Status: 200 - IP: ::1 - User: Guest - ResponseTime: 321ms
[2026-04-15T13:23:02.796Z] GET /api/v1/teams/checkregistration/69dbebf21459d2a84fe9c20e - Status: 200 - IP: ::1 - User: Guest - ResponseTime: 401ms
[2026-04-15T13:23:02.798Z] GET /api/v1/auth/me - Status: 200 - IP: ::1 - User: Guest - ResponseTime: 347ms
[2026-04-15T13:23:02.925Z] GET /api/v1/auth/me - Status: 200 - IP: ::1 - User: Guest - ResponseTime: 107ms
[2026-04-15T13:23:03.231Z] GET /api/v1/events/69dbebf21459d2a84fe9c20e - Status: 200 - IP: ::1 - User: Guest - ResponseTime: 216ms
[2026-04-15T13:23:03.381Z] GET /api/v1/teams/registrations/69dbebf21459d2a84fe9c20e - Status: 200 - IP: ::1 - User: Guest - ResponseTime: 130ms
[2026-04-15T13:23:03.715Z] GET /api/v1/schedule/69dbebf21459d2a84fe9c20e - Status: 200 - IP: ::1 - User: Guest - ResponseTime: 187ms
[2026-04-15T13:23:05.454Z] GET /api/v1/auth/me - Status: 200 - IP: ::1 - User: Guest - ResponseTime: 100ms
[2026-04-15T13:23:05.653Z] GET /api/v1/events - Status: 200 - IP: ::1 - User: Guest - ResponseTime: 161ms
[2026-04-15T13:23:05.843Z] GET /api/v1/teams/checkregistration/69dbebf21459d2a84fe9c20e - Status: 200 - IP: ::1 - User: Guest - ResponseTime: 154ms
[2026-04-15T13:23:06.033Z] GET /api/v1/auth/me - Status: 200 - IP: ::1 - User: Guest - ResponseTime: 134ms
[2026-04-15T13:23:06.225Z] GET /api/v1/auth/me - Status: 200 - IP: ::1 - User: Guest - ResponseTime: 127ms
[2026-04-15T13:23:06.408Z] GET /api/v1/events/69dbebf21459d2a84fe9c20e - Status: 200 - IP: ::1 - User: Guest - ResponseTime: 114ms
[2026-04-15T13:23:06.865Z] GET /api/v1/teams/registrations/69dbebf21459d2a84fe9c20e - Status: 200 - IP: ::1 - User: Guest - ResponseTime: 365ms
[2026-04-15T13:23:07.183Z] GET /api/v1/schedule/69dbebf21459d2a84fe9c20e - Status: 200 - IP: ::1 - User: Guest - ResponseTime: 148ms
[2026-04-15T13:23:33.007Z] GET /api/v1/auth/me - Status: 200 - IP: ::1 - User: Guest - ResponseTime: 714ms
[2026-04-15T13:23:33.008Z] GET /api/v1/auth/me - Status: 200 - IP: ::1 - User: Guest - ResponseTime: 247ms
[2026-04-15T13:23:33.304Z] GET /api/v1/auth/me - Status: 200 - IP: ::1 - User: Guest - ResponseTime: 259ms
[2026-04-15T13:23:33.302Z] GET /api/v1/events - Status: 200 - IP: ::1 - User: Guest - ResponseTime: 261ms
[2026-04-15T13:23:33.402Z] GET /api/v1/events/69dbebf21459d2a84fe9c20e - Status: 200 - IP: ::1 - User: Guest - ResponseTime: 80ms
[2026-04-15T13:23:33.468Z] GET /api/v1/teams/checkregistration/69dbebf21459d2a84fe9c20e - Status: 200 - IP: ::1 - User: Guest - ResponseTime: 109ms
[2026-04-15T13:23:33.778Z] GET /api/v1/teams/registrations/69dbebf21459d2a84fe9c20e - Status: 200 - IP: ::1 - User: Guest - ResponseTime: 166ms
[2026-04-15T13:23:33.942Z] GET /api/v1/schedule/69dbebf21459d2a84fe9c20e - Status: 200 - IP: ::1 - User: Guest - ResponseTime: 129ms
[2026-04-15T13:23:34.218Z] GET /api/v1/auth/me - Status: 200 - IP: ::1 - User: Guest - ResponseTime: 77ms
[2026-04-15T13:23:34.321Z] GET /api/v1/events - Status: 200 - IP: ::1 - User: Guest - ResponseTime: 72ms
[2026-04-15T13:23:34.499Z] GET /api/v1/teams/checkregistration/69dbebf21459d2a84fe9c20e - Status: 200 - IP: ::1 - User: Guest - ResponseTime: 90ms
[2026-04-15T13:23:34.727Z] GET /api/v1/auth/me - Status: 200 - IP: ::1 - User: Guest - ResponseTime: 79ms
[2026-04-15T13:23:34.928Z] GET /api/v1/auth/me - Status: 200 - IP: ::1 - User: Guest - ResponseTime: 75ms
[2026-04-15T13:23:35.206Z] GET /api/v1/events/69dbebf21459d2a84fe9c20e - Status: 200 - IP: ::1 - User: Guest - ResponseTime: 153ms
[2026-04-15T13:23:35.357Z] GET /api/v1/teams/registrations/69dbebf21459d2a84fe9c20e - Status: 200 - IP: ::1 - User: Guest - ResponseTime: 114ms
[2026-04-15T13:23:35.580Z] GET /api/v1/schedule/69dbebf21459d2a84fe9c20e - Status: 200 - IP: ::1 - User: Guest - ResponseTime: 132ms
[2026-04-15T13:23:40.722Z] GET /api/v1/auth/me - Status: 200 - IP: ::1 - User: Guest - ResponseTime: 77ms
[2026-04-15T13:23:40.838Z] GET /api/v1/events - Status: 200 - IP: ::1 - User: Guest - ResponseTime: 73ms
[2026-04-15T13:23:40.937Z] GET /api/v1/teams/checkregistration/69dbebf21459d2a84fe9c20e - Status: 200 - IP: ::1 - User: Guest - ResponseTime: 81ms
[2026-04-15T13:23:41.275Z] GET /api/v1/auth/me - Status: 200 - IP: ::1 - User: Guest - ResponseTime: 77ms
[2026-04-15T13:23:41.472Z] GET /api/v1/auth/me - Status: 200 - IP: ::1 - User: Guest - ResponseTime: 78ms
[2026-04-15T13:23:41.670Z] GET /api/v1/events/69dbebf21459d2a84fe9c20e - Status: 200 - IP: ::1 - User: Guest - ResponseTime: 76ms
[2026-04-15T13:23:42.191Z] GET /api/v1/teams/registrations/69dbebf21459d2a84fe9c20e - Status: 200 - IP: ::1 - User: Guest - ResponseTime: 114ms
[2026-04-15T13:23:42.392Z] GET /api/v1/schedule/69dbebf21459d2a84fe9c20e - Status: 200 - IP: ::1 - User: Guest - ResponseTime: 114ms
[2026-04-15T13:23:43.469Z] GET /api/v1/auth/me - Status: 200 - IP: ::1 - User: Guest - ResponseTime: 72ms
[2026-04-15T13:23:43.552Z] GET /api/v1/events - Status: 200 - IP: ::1 - User: Guest - ResponseTime: 73ms
[2026-04-15T13:23:43.639Z] GET /api/v1/teams/checkregistration/69dbebf21459d2a84fe9c20e - Status: 200 - IP: ::1 - User: Guest - ResponseTime: 72ms
[2026-04-15T13:23:44.078Z] GET /api/v1/auth/me - Status: 200 - IP: ::1 - User: Guest - ResponseTime: 87ms
[2026-04-15T13:23:44.255Z] GET /api/v1/auth/me - Status: 200 - IP: ::1 - User: Guest - ResponseTime: 76ms
[2026-04-15T13:23:44.456Z] GET /api/v1/events/69dbebf21459d2a84fe9c20e - Status: 200 - IP: ::1 - User: Guest - ResponseTime: 76ms
[2026-04-15T13:23:44.688Z] GET /api/v1/teams/registrations/69dbebf21459d2a84fe9c20e - Status: 200 - IP: ::1 - User: Guest - ResponseTime: 117ms
[2026-04-15T13:23:44.896Z] GET /api/v1/schedule/69dbebf21459d2a84fe9c20e - Status: 200 - IP: ::1 - User: Guest - ResponseTime: 123ms
[2026-04-15T13:24:02.601Z] GET /api/v1/auth/me - Status: 200 - IP: ::1 - User: Guest - ResponseTime: 189ms
[2026-04-15T13:24:02.725Z] GET /api/v1/auth/me - Status: 200 - IP: ::1 - User: Guest - ResponseTime: 108ms
[2026-04-15T13:24:02.979Z] GET /api/v1/events/69dbebf21459d2a84fe9c20e - Status: 200 - IP: ::1 - User: Guest - ResponseTime: 134ms
[2026-04-15T13:24:03.353Z] GET /api/v1/teams/registrations/69dbebf21459d2a84fe9c20e - Status: 200 - IP: ::1 - User: Guest - ResponseTime: 298ms
[2026-04-15T13:24:03.966Z] GET /api/v1/schedule/69dbebf21459d2a84fe9c20e - Status: 200 - IP: ::1 - User: Guest - ResponseTime: 578ms
[2026-04-15T13:24:10.004Z] PUT /api/v1/teams/registrations/69df7c056f933e1911558bc8/reject - Status: 200 - IP: ::1 - User: Guest - ResponseTime: 353ms
[2026-04-15T13:24:12.565Z] GET /api/v1/teams/registrations/69dbebf21459d2a84fe9c20e - Status: 200 - IP: ::1 - User: Guest - ResponseTime: 307ms
[2026-04-15T13:24:58.344Z] GET /api/v1/auth/me - Status: 200 - IP: ::1 - User: Guest - ResponseTime: 119ms
[2026-04-15T13:24:58.782Z] GET /api/v1/events - Status: 200 - IP: ::1 - User: Guest - ResponseTime: 428ms
[2026-04-15T13:24:58.974Z] GET /api/v1/teams/registrations/69dbebf21459d2a84fe9c20e - Status: 200 - IP: ::1 - User: Guest - ResponseTime: 126ms
[2026-04-15T13:25:27.070Z] GET /api/v1/auth/me - Status: 200 - IP: ::1 - User: Guest - ResponseTime: 190ms
[2026-04-15T13:25:27.164Z] GET /api/v1/auth/me - Status: 200 - IP: ::1 - User: Guest - ResponseTime: 79ms
[2026-04-15T13:25:27.268Z] GET /api/v1/events/69dbebf21459d2a84fe9c20e - Status: 200 - IP: ::1 - User: Guest - ResponseTime: 91ms
[2026-04-15T13:25:27.986Z] GET /api/v1/teams/registrations/69dbebf21459d2a84fe9c20e - Status: 200 - IP: ::1 - User: Guest - ResponseTime: 629ms
[2026-04-15T13:25:28.191Z] GET /api/v1/schedule/69dbebf21459d2a84fe9c20e - Status: 200 - IP: ::1 - User: Guest - ResponseTime: 181ms
[2026-04-15T13:25:44.794Z] GET /api/v1/auth/me - Status: 200 - IP: ::1 - User: Guest - ResponseTime: 113ms
[2026-04-15T13:25:45.583Z] GET /api/v1/auth/me - Status: 200 - IP: ::1 - User: Guest - ResponseTime: 795ms
[2026-04-15T13:25:45.586Z] GET /api/v1/auth/me - Status: 200 - IP: ::1 - User: Guest - ResponseTime: 741ms
[2026-04-15T13:25:45.696Z] GET /api/v1/events - Status: 200 - IP: ::1 - User: Guest - ResponseTime: 95ms
[2026-04-15T13:25:45.823Z] GET /api/v1/events/69dbebf21459d2a84fe9c20e - Status: 200 - IP: ::1 - User: Guest - ResponseTime: 76ms
[2026-04-15T13:25:45.857Z] GET /api/v1/teams/checkregistration/69dbebf21459d2a84fe9c20e - Status: 200 - IP: ::1 - User: Guest - ResponseTime: 74ms
[2026-04-15T13:25:45.971Z] GET /api/v1/teams/registrations/69dbebf21459d2a84fe9c20e - Status: 200 - IP: ::1 - User: Guest - ResponseTime: 131ms
[2026-04-15T13:25:46.099Z] GET /api/v1/schedule/69dbebf21459d2a84fe9c20e - Status: 200 - IP: ::1 - User: Guest - ResponseTime: 113ms
[2026-04-15T13:25:53.005Z] GET /api/v1/auth/me - Status: 200 - IP: ::1 - User: Guest - ResponseTime: 116ms
[2026-04-15T13:25:53.063Z] GET /api/v1/auth/me - Status: 200 - IP: ::1 - User: Guest - ResponseTime: 163ms
[2026-04-15T13:25:53.236Z] GET /api/v1/auth/me - Status: 200 - IP: ::1 - User: Guest - ResponseTime: 186ms
[2026-04-15T13:25:53.296Z] GET /api/v1/events - Status: 200 - IP: ::1 - User: Guest - ResponseTime: 205ms
[2026-04-15T13:25:53.403Z] GET /api/v1/events/69dbebf21459d2a84fe9c20e - Status: 200 - IP: ::1 - User: Guest - ResponseTime: 150ms
[2026-04-15T13:25:53.462Z] GET /api/v1/teams/checkregistration/69dbebf21459d2a84fe9c20e - Status: 200 - IP: ::1 - User: Guest - ResponseTime: 149ms
[2026-04-15T13:25:54.281Z] GET /api/v1/auth/me - Status: 200 - IP: ::1 - User: Guest - ResponseTime: 132ms
[2026-04-15T13:25:54.284Z] GET /api/v1/teams/registrations/69dbebf21459d2a84fe9c20e - Status: 200 - IP: ::1 - User: Guest - ResponseTime: 860ms
[2026-04-15T13:25:54.335Z] GET /api/v1/auth/me - Status: 200 - IP: ::1 - User: Guest - ResponseTime: 72ms
[2026-04-15T13:25:54.464Z] GET /api/v1/auth/me - Status: 200 - IP: ::1 - User: Guest - ResponseTime: 74ms
[2026-04-15T13:25:54.498Z] GET /api/v1/events - Status: 200 - IP: ::1 - User: Guest - ResponseTime: 104ms
[2026-04-15T13:25:54.574Z] GET /api/v1/events/69dbebf21459d2a84fe9c20e - Status: 200 - IP: ::1 - User: Guest - ResponseTime: 101ms
[2026-04-15T13:25:54.687Z] GET /api/v1/teams/checkregistration/69dbebf21459d2a84fe9c20e - Status: 200 - IP: ::1 - User: Guest - ResponseTime: 146ms
[2026-04-15T13:25:54.723Z] GET /api/v1/teams/registrations/69dbebf21459d2a84fe9c20e - Status: 200 - IP: ::1 - User: Guest - ResponseTime: 138ms
[2026-04-15T13:25:54.845Z] GET /api/v1/schedule/69dbebf21459d2a84fe9c20e - Status: 200 - IP: ::1 - User: Guest - ResponseTime: 114ms
[2026-04-15T13:26:21.185Z] GET /api/v1/auth/me - Status: 200 - IP: ::1 - User: Guest - ResponseTime: 233ms
[2026-04-15T13:26:21.259Z] GET /api/v1/auth/me - Status: 200 - IP: ::1 - User: Guest - ResponseTime: 169ms
[2026-04-15T13:26:21.380Z] GET /api/v1/auth/me - Status: 200 - IP: ::1 - User: Guest - ResponseTime: 183ms
[2026-04-15T13:26:21.417Z] GET /api/v1/events - Status: 200 - IP: ::1 - User: Guest - ResponseTime: 147ms
[2026-04-15T13:26:21.816Z] GET /api/v1/events/69dbebf21459d2a84fe9c20e - Status: 200 - IP: ::1 - User: Guest - ResponseTime: 107ms
[2026-04-15T13:26:21.972Z] GET /api/v1/teams/checkregistration/69dbebf21459d2a84fe9c20e - Status: 200 - IP: ::1 - User: Guest - ResponseTime: 98ms
[2026-04-15T13:26:22.004Z] GET /api/v1/teams/registrations/69dbebf21459d2a84fe9c20e - Status: 200 - IP: ::1 - User: Guest - ResponseTime: 155ms
[2026-04-15T13:26:22.218Z] GET /api/v1/schedule/69dbebf21459d2a84fe9c20e - Status: 200 - IP: ::1 - User: Guest - ResponseTime: 188ms
[2026-04-15T13:26:44.507Z] GET /api/v1/auth/me - Status: 200 - IP: ::1 - User: Guest - ResponseTime: 512ms
[2026-04-15T13:26:44.625Z] GET /api/v1/auth/me - Status: 200 - IP: ::1 - User: Guest - ResponseTime: 106ms
[2026-04-15T13:26:44.736Z] GET /api/v1/auth/me - Status: 200 - IP: ::1 - User: Guest - ResponseTime: 115ms
[2026-04-15T13:26:44.775Z] GET /api/v1/events - Status: 200 - IP: ::1 - User: Guest - ResponseTime: 141ms
[2026-04-15T13:26:44.935Z] GET /api/v1/teams/checkregistration/69dbebf21459d2a84fe9c20e - Status: 200 - IP: ::1 - User: Guest - ResponseTime: 145ms
[2026-04-15T13:26:45.105Z] GET /api/v1/events/69dbebf21459d2a84fe9c20e - Status: 200 - IP: ::1 - User: Guest - ResponseTime: 175ms
[2026-04-15T13:26:45.332Z] GET /api/v1/teams/registrations/69dbebf21459d2a84fe9c20e - Status: 200 - IP: ::1 - User: Guest - ResponseTime: 176ms
[2026-04-15T13:26:45.572Z] GET /api/v1/schedule/69dbebf21459d2a84fe9c20e - Status: 200 - IP: ::1 - User: Guest - ResponseTime: 223ms
[2026-04-15T13:27:03.039Z] GET /api/v1/auth/me - Status: 200 - IP: ::1 - User: Guest - ResponseTime: 387ms
[2026-04-15T13:27:03.084Z] GET /api/v1/auth/me - Status: 200 - IP: ::1 - User: Guest - ResponseTime: 113ms
[2026-04-15T13:27:03.214Z] GET /api/v1/events - Status: 200 - IP: ::1 - User: Guest - ResponseTime: 129ms
[2026-04-15T13:27:03.216Z] GET /api/v1/auth/me - Status: 200 - IP: ::1 - User: Guest - ResponseTime: 125ms
[2026-04-15T13:27:03.319Z] GET /api/v1/events/69dbebf21459d2a84fe9c20e - Status: 200 - IP: ::1 - User: Guest - ResponseTime: 96ms
[2026-04-15T13:27:03.360Z] GET /api/v1/teams/checkregistration/69dbebf21459d2a84fe9c20e - Status: 200 - IP: ::1 - User: Guest - ResponseTime: 77ms
[2026-04-15T13:27:03.483Z] GET /api/v1/teams/registrations/69dbebf21459d2a84fe9c20e - Status: 200 - IP: ::1 - User: Guest - ResponseTime: 152ms
[2026-04-15T13:27:03.612Z] GET /api/v1/schedule/69dbebf21459d2a84fe9c20e - Status: 200 - IP: ::1 - User: Guest - ResponseTime: 121ms
[2026-04-15T13:27:26.021Z] GET /api/v1/auth/me - Status: 200 - IP: ::1 - User: Guest - ResponseTime: 124ms
[2026-04-15T13:27:26.147Z] GET /api/v1/events - Status: 200 - IP: ::1 - User: Guest - ResponseTime: 122ms
[2026-04-15T13:27:27.457Z] GET /api/v1/teams/checkregistration/69dbebf21459d2a84fe9c20e - Status: 200 - IP: ::1 - User: Guest - ResponseTime: 1246ms
[2026-04-15T13:27:35.089Z] GET /api/v1/auth/me - Status: 200 - IP: ::1 - User: Guest - ResponseTime: 260ms
[2026-04-15T13:27:35.263Z] GET /api/v1/events - Status: 200 - IP: ::1 - User: Guest - ResponseTime: 169ms
[2026-04-15T13:27:35.548Z] GET /api/v1/teams/checkregistration/69dbebf21459d2a84fe9c20e - Status: 200 - IP: ::1 - User: Guest - ResponseTime: 236ms
[2026-04-15T13:28:31.938Z] GET /api/v1/auth/me - Status: 200 - IP: ::1 - User: Guest - ResponseTime: 233ms
[2026-04-15T13:28:32.171Z] GET /api/v1/auth/me - Status: 200 - IP: ::1 - User: Guest - ResponseTime: 100ms
[2026-04-15T13:28:33.214Z] GET /api/v1/auth/me - Status: 200 - IP: ::1 - User: Guest - ResponseTime: 89ms
[2026-04-15T13:28:33.313Z] GET /api/v1/events - Status: 200 - IP: ::1 - User: Guest - ResponseTime: 90ms
[2026-04-15T13:28:33.440Z] GET /api/v1/teams/checkregistration/69dbebf21459d2a84fe9c20e - Status: 200 - IP: ::1 - User: Guest - ResponseTime: 114ms
[2026-04-15T13:28:45.988Z] GET /api/v1/auth/me - Status: 200 - IP: ::1 - User: Guest - ResponseTime: 401ms
[2026-04-15T13:28:46.153Z] GET /api/v1/events - Status: 200 - IP: ::1 - User: Guest - ResponseTime: 147ms
[2026-04-15T13:28:46.405Z] GET /api/v1/teams/checkregistration/69dbebf21459d2a84fe9c20e - Status: 200 - IP: ::1 - User: Guest - ResponseTime: 215ms
[2026-04-15T13:45:10.826Z] GET /api/v1/auth/me - Status: 401 - IP: ::1 - User: Guest - ResponseTime: 0ms
[2026-04-15T13:45:10.879Z] GET /api/v1/auth/me - Status: 401 - IP: ::1 - User: Guest - ResponseTime: 0ms
[2026-04-15T13:45:26.433Z] POST /api/v1/auth/login - Status: 200 - IP: ::1 - User: Guest - ResponseTime: 1597ms
[2026-04-15T13:45:29.899Z] GET /api/v1/auth/me - Status: 200 - IP: ::1 - User: Guest - ResponseTime: 97ms
[2026-04-15T13:45:30.238Z] GET /api/v1/events - Status: 200 - IP: ::1 - User: Guest - ResponseTime: 334ms
[2026-04-15T13:45:30.454Z] GET /api/v1/teams/checkregistration/69dbebf21459d2a84fe9c20e - Status: 200 - IP: ::1 - User: Guest - ResponseTime: 177ms
[2026-04-15T13:45:38.156Z] GET /api/v1/schedule/69dbebf21459d2a84fe9c20e - Status: 200 - IP: ::1 - User: Guest - ResponseTime: 357ms
[2026-04-15T13:45:51.004Z] POST /api/v1/auth/logout - Status: 200 - IP: ::1 - User: Guest - ResponseTime: 212ms
[2026-04-15T13:45:51.360Z] GET /api/v1/auth/me - Status: 401 - IP: ::1 - User: Guest - ResponseTime: 0ms
[2026-04-15T13:45:59.543Z] POST /api/v1/auth/login - Status: 400 - IP: ::1 - User: Guest - ResponseTime: 148ms
[2026-04-15T13:46:15.599Z] POST /api/v1/auth/login - Status: 200 - IP: ::1 - User: Guest - ResponseTime: 456ms
[2026-04-15T13:46:17.401Z] GET /api/v1/auth/me - Status: 200 - IP: ::1 - User: Guest - ResponseTime: 166ms
[2026-04-15T13:46:18.427Z] GET /api/v1/auth/me - Status: 200 - IP: ::1 - User: Guest - ResponseTime: 170ms
[2026-04-15T13:46:18.550Z] GET /api/v1/events - Status: 200 - IP: ::1 - User: Guest - ResponseTime: 120ms
[2026-04-15T13:46:18.889Z] GET /api/v1/teams/registrations/69dbebf21459d2a84fe9c20e - Status: 200 - IP: ::1 - User: Guest - ResponseTime: 310ms
[2026-04-15T13:46:28.505Z] GET /api/v1/auth/me - Status: 200 - IP: ::1 - User: Guest - ResponseTime: 866ms
[2026-04-15T13:46:28.630Z] GET /api/v1/auth/me - Status: 200 - IP: ::1 - User: Guest - ResponseTime: 113ms
[2026-04-15T13:46:28.827Z] GET /api/v1/events/69dbebf21459d2a84fe9c20e - Status: 200 - IP: ::1 - User: Guest - ResponseTime: 159ms
[2026-04-15T13:46:28.960Z] GET /api/v1/teams/registrations/69dbebf21459d2a84fe9c20e - Status: 200 - IP: ::1 - User: Guest - ResponseTime: 122ms
[2026-04-15T13:46:29.220Z] GET /api/v1/schedule/69dbebf21459d2a84fe9c20e - Status: 200 - IP: ::1 - User: Guest - ResponseTime: 252ms
[2026-04-15T13:46:46.102Z] GET /api/v1/auth/me - Status: 200 - IP: ::1 - User: Guest - ResponseTime: 177ms
[2026-04-15T13:46:46.310Z] GET /api/v1/events - Status: 200 - IP: ::1 - User: Guest - ResponseTime: 200ms
[2026-04-15T13:46:46.628Z] GET /api/v1/teams/registrations/69dbebf21459d2a84fe9c20e - Status: 200 - IP: ::1 - User: Guest - ResponseTime: 265ms
[2026-04-15T13:47:04.246Z] GET /api/v1/auth/me - Status: 401 - IP: ::1 - User: Guest - ResponseTime: 0ms
[2026-04-15T13:47:04.383Z] GET /api/v1/auth/me - Status: 401 - IP: ::1 - User: Guest - ResponseTime: 0ms
[2026-04-15T13:47:16.632Z] POST /api/v1/auth/login - Status: 200 - IP: ::1 - User: Guest - ResponseTime: 906ms
[2026-04-15T13:47:18.970Z] GET /api/v1/auth/me - Status: 200 - IP: ::1 - User: Guest - ResponseTime: 74ms
[2026-04-15T13:47:19.066Z] GET /api/v1/events - Status: 200 - IP: ::1 - User: Guest - ResponseTime: 89ms
[2026-04-15T13:47:19.565Z] GET /api/v1/teams/checkregistration/69dbebf21459d2a84fe9c20e - Status: 200 - IP: ::1 - User: Guest - ResponseTime: 475ms
[2026-04-15T13:47:58.983Z] POST /api/v1/teams/register - Status: 200 - IP: ::1 - User: Guest - ResponseTime: 5435ms
[2026-04-15T13:47:59.479Z] GET /api/v1/teams/checkregistration/69dbebf21459d2a84fe9c20e - Status: 200 - IP: ::1 - User: Guest - ResponseTime: 488ms
[2026-04-15T13:48:01.780Z] GET /api/v1/payment/69df970a2621d221dae206ce/getstatus - Status: 200 - IP: ::1 - User: Guest - ResponseTime: 247ms
[2026-04-15T13:48:01.953Z] GET /api/v1/payment/69df970a2621d221dae206ce/getstatus - Status: 200 - IP: ::1 - User: Guest - ResponseTime: 165ms
[2026-04-15T13:48:11.928Z] GET /api/v1/auth/me - Status: 200 - IP: ::1 - User: Guest - ResponseTime: 168ms
[2026-04-15T13:48:12.174Z] GET /api/v1/events - Status: 200 - IP: ::1 - User: Guest - ResponseTime: 237ms
[2026-04-15T13:48:12.578Z] GET /api/v1/teams/registrations/69dbebf21459d2a84fe9c20e - Status: 200 - IP: ::1 - User: Guest - ResponseTime: 357ms
[2026-04-15T13:48:14.792Z] GET /api/v1/auth/me - Status: 200 - IP: ::1 - User: Guest - ResponseTime: 162ms
[2026-04-15T13:48:14.903Z] GET /api/v1/auth/me - Status: 200 - IP: ::1 - User: Guest - ResponseTime: 99ms
[2026-04-15T13:48:15.021Z] GET /api/v1/events/69dbebf21459d2a84fe9c20e - Status: 200 - IP: ::1 - User: Guest - ResponseTime: 94ms
[2026-04-15T13:48:15.443Z] GET /api/v1/teams/registrations/69dbebf21459d2a84fe9c20e - Status: 200 - IP: ::1 - User: Guest - ResponseTime: 372ms
[2026-04-15T13:48:15.648Z] GET /api/v1/schedule/69dbebf21459d2a84fe9c20e - Status: 200 - IP: ::1 - User: Guest - ResponseTime: 190ms
[2026-04-15T13:48:43.183Z] POST /api/v1/payment/69df970a2621d221dae206ce - Status: 200 - IP: ::1 - User: Guest - ResponseTime: 4562ms
[2026-04-15T13:48:43.265Z] GET /api/v1/teams/checkregistration/69dbebf21459d2a84fe9c20e - Status: 200 - IP: ::1 - User: Guest - ResponseTime: 74ms
[2026-04-15T13:48:52.452Z] GET /api/v1/auth/me - Status: 200 - IP: ::1 - User: Guest - ResponseTime: 323ms
[2026-04-15T13:48:52.577Z] GET /api/v1/auth/me - Status: 200 - IP: ::1 - User: Guest - ResponseTime: 120ms
[2026-04-15T13:48:52.747Z] GET /api/v1/events/69dbebf21459d2a84fe9c20e - Status: 200 - IP: ::1 - User: Guest - ResponseTime: 130ms
[2026-04-15T13:48:53.001Z] GET /api/v1/teams/registrations/69dbebf21459d2a84fe9c20e - Status: 200 - IP: ::1 - User: Guest - ResponseTime: 237ms
[2026-04-15T13:48:53.303Z] GET /api/v1/schedule/69dbebf21459d2a84fe9c20e - Status: 200 - IP: ::1 - User: Guest - ResponseTime: 287ms
[2026-04-15T13:49:17.456Z] PUT /api/v1/payment/69df970a2621d221dae206ce/approve - Status: 200 - IP: ::1 - User: Guest - ResponseTime: 269ms
[2026-04-15T13:49:19.521Z] GET /api/v1/teams/registrations/69dbebf21459d2a84fe9c20e - Status: 200 - IP: ::1 - User: Guest - ResponseTime: 214ms
[2026-04-15T13:49:29.737Z] PUT /api/v1/teams/registrations/69df970a2621d221dae206ce/approve - Status: 200 - IP: ::1 - User: Guest - ResponseTime: 438ms
[2026-04-15T13:49:31.273Z] GET /api/v1/teams/registrations/69dbebf21459d2a84fe9c20e - Status: 200 - IP: ::1 - User: Guest - ResponseTime: 190ms
[2026-04-15T13:49:44.040Z] GET /api/v1/auth/me - Status: 200 - IP: ::1 - User: Guest - ResponseTime: 745ms
[2026-04-15T13:49:44.167Z] GET /api/v1/events - Status: 200 - IP: ::1 - User: Guest - ResponseTime: 115ms
[2026-04-15T13:49:44.577Z] GET /api/v1/teams/checkregistration/69dbebf21459d2a84fe9c20e - Status: 200 - IP: ::1 - User: Guest - ResponseTime: 367ms
[2026-04-15T13:49:45.969Z] GET /api/v1/payment/69df970a2621d221dae206ce/getstatus - Status: 200 - IP: ::1 - User: Guest - ResponseTime: 192ms
[2026-04-15T13:49:46.094Z] GET /api/v1/payment/69df970a2621d221dae206ce/getstatus - Status: 200 - IP: ::1 - User: Guest - ResponseTime: 116ms
[2026-04-15T13:49:59.984Z] GET /api/v1/payment/69df970a2621d221dae206ce/getstatus - Status: 200 - IP: ::1 - User: Guest - ResponseTime: 83ms
[2026-04-15T13:50:00.070Z] GET /api/v1/payment/69df970a2621d221dae206ce/getstatus - Status: 200 - IP: ::1 - User: Guest - ResponseTime: 81ms
[2026-04-15T13:52:43.084Z] GET /api/v1/auth/me - Status: 200 - IP: ::1 - User: Guest - ResponseTime: 74ms
[2026-04-15T13:52:43.176Z] GET /api/v1/auth/me - Status: 200 - IP: ::1 - User: Guest - ResponseTime: 79ms
[2026-04-15T13:52:43.358Z] GET /api/v1/events - Status: 200 - IP: ::1 - User: Guest - ResponseTime: 258ms
[2026-04-15T13:52:43.450Z] GET /api/v1/teams/checkregistration/69dbebf21459d2a84fe9c20e - Status: 200 - IP: ::1 - User: Guest - ResponseTime: 80ms
[2026-04-15T13:52:43.768Z] GET /api/v1/auth/me - Status: 200 - IP: ::1 - User: Guest - ResponseTime: 533ms
[2026-04-15T13:52:43.861Z] GET /api/v1/events/69dbebf21459d2a84fe9c20e - Status: 200 - IP: ::1 - User: Guest - ResponseTime: 85ms
[2026-04-15T13:52:44.201Z] GET /api/v1/teams/registrations/69dbebf21459d2a84fe9c20e - Status: 200 - IP: ::1 - User: Guest - ResponseTime: 158ms
[2026-04-15T13:52:44.483Z] GET /api/v1/schedule/69dbebf21459d2a84fe9c20e - Status: 200 - IP: ::1 - User: Guest - ResponseTime: 249ms
[2026-04-15T13:52:50.548Z] GET /api/v1/auth/me - Status: 200 - IP: ::1 - User: Guest - ResponseTime: 100ms
[2026-04-15T13:52:50.630Z] GET /api/v1/auth/me - Status: 200 - IP: ::1 - User: Guest - ResponseTime: 75ms
[2026-04-15T13:52:50.747Z] GET /api/v1/auth/me - Status: 200 - IP: ::1 - User: Guest - ResponseTime: 186ms
[2026-04-15T13:52:50.806Z] GET /api/v1/events - Status: 200 - IP: ::1 - User: Guest - ResponseTime: 164ms
[2026-04-15T13:52:50.901Z] GET /api/v1/events/69dbebf21459d2a84fe9c20e - Status: 200 - IP: ::1 - User: Guest - ResponseTime: 146ms
[2026-04-15T13:52:50.954Z] GET /api/v1/teams/checkregistration/69dbebf21459d2a84fe9c20e - Status: 200 - IP: ::1 - User: Guest - ResponseTime: 138ms
[2026-04-15T13:52:51.142Z] GET /api/v1/teams/registrations/69dbebf21459d2a84fe9c20e - Status: 200 - IP: ::1 - User: Guest - ResponseTime: 233ms
[2026-04-15T13:52:51.640Z] GET /api/v1/schedule/69dbebf21459d2a84fe9c20e - Status: 200 - IP: ::1 - User: Guest - ResponseTime: 260ms
[2026-04-15T13:52:57.181Z] GET /api/v1/auth/me - Status: 200 - IP: ::1 - User: Guest - ResponseTime: 1110ms
[2026-04-15T13:52:57.371Z] GET /api/v1/events - Status: 200 - IP: ::1 - User: Guest - ResponseTime: 179ms
[2026-04-15T13:52:57.494Z] GET /api/v1/teams/checkregistration/69dbebf21459d2a84fe9c20e - Status: 200 - IP: ::1 - User: Guest - ResponseTime: 73ms
[2026-04-15T13:52:58.919Z] GET /api/v1/payment/69df970a2621d221dae206ce/getstatus - Status: 200 - IP: ::1 - User: Guest - ResponseTime: 76ms
[2026-04-15T13:54:15.638Z] GET /api/v1/auth/me - Status: 200 - IP: ::1 - User: Guest - ResponseTime: 75ms
[2026-04-15T13:54:15.672Z] GET /api/v1/auth/me - Status: 200 - IP: ::1 - User: Guest - ResponseTime: 105ms
[2026-04-15T13:54:15.733Z] GET /api/v1/auth/me - Status: 200 - IP: ::1 - User: Guest - ResponseTime: 87ms
[2026-04-15T13:54:15.771Z] GET /api/v1/events - Status: 200 - IP: ::1 - User: Guest - ResponseTime: 91ms
[2026-04-15T13:54:15.846Z] GET /api/v1/events/69dbebf21459d2a84fe9c20e - Status: 200 - IP: ::1 - User: Guest - ResponseTime: 106ms
[2026-04-15T13:54:15.881Z] GET /api/v1/teams/checkregistration/69dbebf21459d2a84fe9c20e - Status: 200 - IP: ::1 - User: Guest - ResponseTime: 96ms
[2026-04-15T13:54:15.996Z] GET /api/v1/teams/registrations/69dbebf21459d2a84fe9c20e - Status: 200 - IP: ::1 - User: Guest - ResponseTime: 139ms
[2026-04-15T13:54:16.125Z] GET /api/v1/schedule/69dbebf21459d2a84fe9c20e - Status: 200 - IP: ::1 - User: Guest - ResponseTime: 120ms
[2026-04-15T13:54:21.233Z] GET /api/v1/auth/me - Status: 200 - IP: ::1 - User: Guest - ResponseTime: 125ms
[2026-04-15T13:54:21.384Z] GET /api/v1/auth/me - Status: 200 - IP: ::1 - User: Guest - ResponseTime: 178ms
[2026-04-15T13:54:21.446Z] GET /api/v1/auth/me - Status: 200 - IP: ::1 - User: Guest - ResponseTime: 203ms
[2026-04-15T13:54:21.496Z] GET /api/v1/events - Status: 200 - IP: ::1 - User: Guest - ResponseTime: 101ms
[2026-04-15T13:54:21.652Z] GET /api/v1/events/69dbebf21459d2a84fe9c20e - Status: 200 - IP: ::1 - User: Guest - ResponseTime: 199ms
[2026-04-15T13:54:21.693Z] GET /api/v1/teams/checkregistration/69dbebf21459d2a84fe9c20e - Status: 200 - IP: ::1 - User: Guest - ResponseTime: 179ms
[2026-04-15T13:54:21.896Z] GET /api/v1/teams/registrations/69dbebf21459d2a84fe9c20e - Status: 200 - IP: ::1 - User: Guest - ResponseTime: 236ms
[2026-04-15T13:54:22.064Z] GET /api/v1/schedule/69dbebf21459d2a84fe9c20e - Status: 200 - IP: ::1 - User: Guest - ResponseTime: 159ms
[2026-04-15T13:54:24.598Z] GET /api/v1/auth/me - Status: 200 - IP: ::1 - User: Guest - ResponseTime: 75ms
[2026-04-15T13:54:24.691Z] GET /api/v1/auth/me - Status: 200 - IP: ::1 - User: Guest - ResponseTime: 84ms
[2026-04-15T13:54:24.785Z] GET /api/v1/events/69dbebf21459d2a84fe9c20e - Status: 200 - IP: ::1 - User: Guest - ResponseTime: 75ms
[2026-04-15T13:54:24.966Z] GET /api/v1/teams/registrations/69dbebf21459d2a84fe9c20e - Status: 200 - IP: ::1 - User: Guest - ResponseTime: 171ms
[2026-04-15T13:54:25.376Z] GET /api/v1/schedule/69dbebf21459d2a84fe9c20e - Status: 200 - IP: ::1 - User: Guest - ResponseTime: 331ms
[2026-04-15T13:54:34.546Z] GET /api/v1/auth/me - Status: 200 - IP: ::1 - User: Guest - ResponseTime: 73ms
[2026-04-15T13:54:34.627Z] GET /api/v1/auth/me - Status: 200 - IP: ::1 - User: Guest - ResponseTime: 74ms
[2026-04-15T13:54:34.687Z] GET /api/v1/auth/me - Status: 200 - IP: ::1 - User: Guest - ResponseTime: 79ms
[2026-04-15T13:54:34.723Z] GET /api/v1/events/69dbebf21459d2a84fe9c20e - Status: 200 - IP: ::1 - User: Guest - ResponseTime: 83ms
[2026-04-15T13:54:34.841Z] GET /api/v1/teams/registrations/69dbebf21459d2a84fe9c20e - Status: 200 - IP: ::1 - User: Guest - ResponseTime: 111ms
[2026-04-15T13:54:34.842Z] GET /api/v1/events - Status: 200 - IP: ::1 - User: Guest - ResponseTime: 93ms
[2026-04-15T13:54:34.963Z] GET /api/v1/schedule/69dbebf21459d2a84fe9c20e - Status: 200 - IP: ::1 - User: Guest - ResponseTime: 117ms
[2026-04-15T13:54:34.964Z] GET /api/v1/teams/checkregistration/69dbebf21459d2a84fe9c20e - Status: 200 - IP: ::1 - User: Guest - ResponseTime: 92ms
[2026-04-15T13:54:45.702Z] GET /api/v1/payment/69df970a2621d221dae206ce/getstatus - Status: 200 - IP: ::1 - User: Guest - ResponseTime: 195ms
[2026-04-15T13:54:55.072Z] GET /api/v1/payment/69df970a2621d221dae206ce/getstatus - Status: 200 - IP: ::1 - User: Guest - ResponseTime: 76ms
[2026-04-15T13:54:57.313Z] GET /api/v1/auth/me - Status: 200 - IP: ::1 - User: Guest - ResponseTime: 86ms
[2026-04-15T13:54:57.403Z] GET /api/v1/events - Status: 200 - IP: ::1 - User: Guest - ResponseTime: 78ms
[2026-04-15T13:54:57.476Z] GET /api/v1/auth/me - Status: 200 - IP: ::1 - User: Guest - ResponseTime: 81ms
[2026-04-15T13:54:57.515Z] GET /api/v1/teams/checkregistration/69dbebf21459d2a84fe9c20e - Status: 200 - IP: ::1 - User: Guest - ResponseTime: 103ms
[2026-04-15T13:54:57.588Z] GET /api/v1/auth/me - Status: 200 - IP: ::1 - User: Guest - ResponseTime: 104ms
[2026-04-15T13:54:57.672Z] GET /api/v1/events/69dbebf21459d2a84fe9c20e - Status: 200 - IP: ::1 - User: Guest - ResponseTime: 76ms
[2026-04-15T13:54:57.796Z] GET /api/v1/teams/registrations/69dbebf21459d2a84fe9c20e - Status: 200 - IP: ::1 - User: Guest - ResponseTime: 112ms
[2026-04-15T13:54:57.917Z] GET /api/v1/schedule/69dbebf21459d2a84fe9c20e - Status: 200 - IP: ::1 - User: Guest - ResponseTime: 114ms
[2026-04-15T13:55:00.237Z] GET /api/v1/auth/me - Status: 200 - IP: ::1 - User: Guest - ResponseTime: 77ms
[2026-04-15T13:55:00.295Z] GET /api/v1/auth/me - Status: 200 - IP: ::1 - User: Guest - ResponseTime: 75ms
[2026-04-15T13:55:00.332Z] GET /api/v1/auth/me - Status: 200 - IP: ::1 - User: Guest - ResponseTime: 87ms
[2026-04-15T13:55:00.421Z] GET /api/v1/events - Status: 200 - IP: ::1 - User: Guest - ResponseTime: 108ms
[2026-04-15T13:55:00.423Z] GET /api/v1/events/69dbebf21459d2a84fe9c20e - Status: 200 - IP: ::1 - User: Guest - ResponseTime: 83ms
[2026-04-15T13:55:00.554Z] GET /api/v1/teams/registrations/69dbebf21459d2a84fe9c20e - Status: 200 - IP: ::1 - User: Guest - ResponseTime: 122ms
[2026-04-15T13:55:00.555Z] GET /api/v1/teams/checkregistration/69dbebf21459d2a84fe9c20e - Status: 200 - IP: ::1 - User: Guest - ResponseTime: 119ms
[2026-04-15T13:55:00.679Z] GET /api/v1/schedule/69dbebf21459d2a84fe9c20e - Status: 200 - IP: ::1 - User: Guest - ResponseTime: 116ms
[2026-04-15T13:55:11.570Z] GET /api/v1/payment/69df970a2621d221dae206ce/getstatus - Status: 200 - IP: ::1 - User: Guest - ResponseTime: 87ms
[2026-04-15T13:55:14.044Z] GET /api/v1/auth/me - Status: 200 - IP: ::1 - User: Guest - ResponseTime: 125ms
[2026-04-15T13:55:14.249Z] GET /api/v1/auth/me - Status: 200 - IP: ::1 - User: Guest - ResponseTime: 135ms
[2026-04-15T13:55:14.558Z] GET /api/v1/events/69dbebf21459d2a84fe9c20e - Status: 200 - IP: ::1 - User: Guest - ResponseTime: 212ms
[2026-04-15T13:55:14.905Z] GET /api/v1/teams/registrations/69dbebf21459d2a84fe9c20e - Status: 200 - IP: ::1 - User: Guest - ResponseTime: 319ms
[2026-04-15T13:55:15.212Z] GET /api/v1/schedule/69dbebf21459d2a84fe9c20e - Status: 200 - IP: ::1 - User: Guest - ResponseTime: 272ms
[2026-04-15T13:55:21.620Z] GET /api/v1/payment/69df970a2621d221dae206ce/getstatus - Status: 200 - IP: ::1 - User: Guest - ResponseTime: 136ms
[2026-04-15T13:55:31.639Z] GET /api/v1/payment/69df970a2621d221dae206ce/getstatus - Status: 200 - IP: ::1 - User: Guest - ResponseTime: 161ms
[2026-04-15T13:55:41.679Z] GET /api/v1/payment/69df970a2621d221dae206ce/getstatus - Status: 200 - IP: ::1 - User: Guest - ResponseTime: 196ms
[2026-04-15T13:55:51.606Z] GET /api/v1/payment/69df970a2621d221dae206ce/getstatus - Status: 200 - IP: ::1 - User: Guest - ResponseTime: 129ms
[2026-04-15T13:56:01.632Z] GET /api/v1/payment/69df970a2621d221dae206ce/getstatus - Status: 200 - IP: ::1 - User: Guest - ResponseTime: 150ms
[2026-04-15T13:56:10.648Z] GET /api/v1/payment/69df970a2621d221dae206ce/getstatus - Status: 200 - IP: ::1 - User: Guest - ResponseTime: 78ms
[2026-04-15T13:56:11.541Z] GET /api/v1/auth/me - Status: 200 - IP: ::1 - User: Guest - ResponseTime: 76ms
[2026-04-15T13:56:11.630Z] GET /api/v1/events - Status: 200 - IP: ::1 - User: Guest - ResponseTime: 80ms
[2026-04-15T13:56:11.724Z] GET /api/v1/teams/checkregistration/69dbebf21459d2a84fe9c20e - Status: 200 - IP: ::1 - User: Guest - ResponseTime: 75ms
[2026-04-15T13:56:13.193Z] GET /api/v1/payment/69df970a2621d221dae206ce/getstatus - Status: 200 - IP: ::1 - User: Guest - ResponseTime: 87ms
[2026-04-15T13:56:21.879Z] GET /api/v1/payment/69df970a2621d221dae206ce/getstatus - Status: 200 - IP: ::1 - User: Guest - ResponseTime: 133ms
[2026-04-15T13:56:45.002Z] GET /api/v1/auth/me - Status: 200 - IP: ::1 - User: Guest - ResponseTime: 88ms
[2026-04-15T13:56:45.126Z] GET /api/v1/auth/me - Status: 200 - IP: ::1 - User: Guest - ResponseTime: 80ms
[2026-04-15T13:56:45.507Z] GET /api/v1/events/69dbebf21459d2a84fe9c20e - Status: 200 - IP: ::1 - User: Guest - ResponseTime: 94ms
[2026-04-15T13:56:45.664Z] GET /api/v1/teams/registrations/69dbebf21459d2a84fe9c20e - Status: 200 - IP: ::1 - User: Guest - ResponseTime: 118ms
[2026-04-15T13:56:45.800Z] GET /api/v1/schedule/69dbebf21459d2a84fe9c20e - Status: 200 - IP: ::1 - User: Guest - ResponseTime: 113ms
[2026-04-15T13:56:59.330Z] GET /api/v1/auth/me - Status: 200 - IP: ::1 - User: Guest - ResponseTime: 74ms
[2026-04-15T13:56:59.423Z] GET /api/v1/auth/me - Status: 200 - IP: ::1 - User: Guest - ResponseTime: 76ms
[2026-04-15T13:56:59.513Z] GET /api/v1/events/69dbebf21459d2a84fe9c20e - Status: 200 - IP: ::1 - User: Guest - ResponseTime: 76ms
[2026-04-15T13:56:59.640Z] GET /api/v1/teams/registrations/69dbebf21459d2a84fe9c20e - Status: 200 - IP: ::1 - User: Guest - ResponseTime: 110ms
[2026-04-15T13:56:59.999Z] GET /api/v1/schedule/69dbebf21459d2a84fe9c20e - Status: 200 - IP: ::1 - User: Guest - ResponseTime: 128ms
[2026-04-15T13:57:08.250Z] GET /api/v1/auth/me - Status: 200 - IP: ::1 - User: Guest - ResponseTime: 77ms
[2026-04-15T13:57:08.336Z] GET /api/v1/auth/me - Status: 200 - IP: ::1 - User: Guest - ResponseTime: 77ms
[2026-04-15T13:57:08.454Z] GET /api/v1/events/69dbebf21459d2a84fe9c20e - Status: 200 - IP: ::1 - User: Guest - ResponseTime: 75ms
[2026-04-15T13:57:08.637Z] GET /api/v1/teams/registrations/69dbebf21459d2a84fe9c20e - Status: 200 - IP: ::1 - User: Guest - ResponseTime: 113ms
[2026-04-15T13:57:08.904Z] GET /api/v1/schedule/69dbebf21459d2a84fe9c20e - Status: 200 - IP: ::1 - User: Guest - ResponseTime: 249ms
[2026-04-15T13:58:42.139Z] GET /api/v1/auth/me - Status: 200 - IP: ::1 - User: Guest - ResponseTime: 179ms
[2026-04-15T13:58:42.230Z] GET /api/v1/auth/me - Status: 200 - IP: ::1 - User: Guest - ResponseTime: 78ms
[2026-04-15T13:58:42.571Z] GET /api/v1/events/69dbebf21459d2a84fe9c20e - Status: 200 - IP: ::1 - User: Guest - ResponseTime: 77ms
[2026-04-15T13:58:42.717Z] GET /api/v1/teams/registrations/69dbebf21459d2a84fe9c20e - Status: 200 - IP: ::1 - User: Guest - ResponseTime: 119ms
[2026-04-15T13:58:42.855Z] GET /api/v1/schedule/69dbebf21459d2a84fe9c20e - Status: 200 - IP: ::1 - User: Guest - ResponseTime: 112ms
[2026-04-15T13:58:53.504Z] GET /api/v1/auth/me - Status: 200 - IP: ::1 - User: Guest - ResponseTime: 119ms
[2026-04-15T13:58:53.622Z] GET /api/v1/auth/me - Status: 200 - IP: ::1 - User: Guest - ResponseTime: 106ms
[2026-04-15T13:58:53.723Z] GET /api/v1/events/69dbebf21459d2a84fe9c20e - Status: 200 - IP: ::1 - User: Guest - ResponseTime: 89ms
[2026-04-15T13:58:54.248Z] GET /api/v1/teams/registrations/69dbebf21459d2a84fe9c20e - Status: 200 - IP: ::1 - User: Guest - ResponseTime: 326ms
[2026-04-15T13:58:54.615Z] GET /api/v1/schedule/69dbebf21459d2a84fe9c20e - Status: 200 - IP: ::1 - User: Guest - ResponseTime: 343ms
[2026-04-15T14:00:35.922Z] GET /api/v1/auth/me - Status: 200 - IP: ::1 - User: Guest - ResponseTime: 213ms
[2026-04-15T14:00:36.013Z] GET /api/v1/auth/me - Status: 200 - IP: ::1 - User: Guest - ResponseTime: 73ms
[2026-04-15T14:00:36.198Z] GET /api/v1/events/69dbebf21459d2a84fe9c20e - Status: 200 - IP: ::1 - User: Guest - ResponseTime: 76ms
[2026-04-15T14:00:36.342Z] GET /api/v1/teams/registrations/69dbebf21459d2a84fe9c20e - Status: 200 - IP: ::1 - User: Guest - ResponseTime: 116ms
[2026-04-15T14:00:36.526Z] GET /api/v1/schedule/69dbebf21459d2a84fe9c20e - Status: 200 - IP: ::1 - User: Guest - ResponseTime: 111ms
[2026-04-15T14:01:06.229Z] GET /api/v1/auth/me - Status: 200 - IP: ::1 - User: Guest - ResponseTime: 79ms
[2026-04-15T14:01:06.316Z] GET /api/v1/auth/me - Status: 200 - IP: ::1 - User: Guest - ResponseTime: 80ms
[2026-04-15T14:01:06.404Z] GET /api/v1/events/69dbebf21459d2a84fe9c20e - Status: 200 - IP: ::1 - User: Guest - ResponseTime: 74ms
[2026-04-15T14:01:06.735Z] GET /api/v1/teams/registrations/69dbebf21459d2a84fe9c20e - Status: 200 - IP: ::1 - User: Guest - ResponseTime: 114ms
[2026-04-15T14:01:06.876Z] GET /api/v1/schedule/69dbebf21459d2a84fe9c20e - Status: 200 - IP: ::1 - User: Guest - ResponseTime: 117ms
[2026-04-15T14:01:33.252Z] GET /api/v1/auth/me - Status: 401 - IP: ::1 - User: Guest - ResponseTime: 0ms
[2026-04-15T14:01:33.358Z] GET /api/v1/auth/me - Status: 401 - IP: ::1 - User: Guest - ResponseTime: 0ms
[2026-04-15T14:01:43.486Z] POST /api/v1/auth/login - Status: 200 - IP: ::1 - User: Guest - ResponseTime: 527ms
[2026-04-15T14:01:45.371Z] GET /api/v1/auth/me - Status: 200 - IP: ::1 - User: Guest - ResponseTime: 129ms
[2026-04-15T14:01:45.773Z] GET /api/v1/events - Status: 200 - IP: ::1 - User: Guest - ResponseTime: 391ms
[2026-04-15T14:01:46.128Z] GET /api/v1/teams/registrations/69dbebf21459d2a84fe9c20e - Status: 200 - IP: ::1 - User: Guest - ResponseTime: 284ms
[2026-04-15T14:01:48.236Z] GET /api/v1/auth/me - Status: 200 - IP: ::1 - User: Guest - ResponseTime: 155ms
[2026-04-15T14:01:48.360Z] GET /api/v1/auth/me - Status: 200 - IP: ::1 - User: Guest - ResponseTime: 113ms
[2026-04-15T14:01:48.489Z] GET /api/v1/events/69dbebf21459d2a84fe9c20e - Status: 200 - IP: ::1 - User: Guest - ResponseTime: 119ms
[2026-04-15T14:01:48.787Z] GET /api/v1/teams/registrations/69dbebf21459d2a84fe9c20e - Status: 200 - IP: ::1 - User: Guest - ResponseTime: 231ms
[2026-04-15T14:01:49.095Z] GET /api/v1/schedule/69dbebf21459d2a84fe9c20e - Status: 200 - IP: ::1 - User: Guest - ResponseTime: 291ms
[2026-04-15T14:03:54.211Z] GET /api/v1/auth/me - Status: 200 - IP: ::1 - User: Guest - ResponseTime: 223ms
[2026-04-15T14:03:54.429Z] GET /api/v1/auth/me - Status: 200 - IP: ::1 - User: Guest - ResponseTime: 74ms
[2026-04-15T14:03:54.659Z] GET /api/v1/events/69dbebf21459d2a84fe9c20e - Status: 200 - IP: ::1 - User: Guest - ResponseTime: 77ms
[2026-04-15T14:03:54.806Z] GET /api/v1/teams/registrations/69dbebf21459d2a84fe9c20e - Status: 200 - IP: ::1 - User: Guest - ResponseTime: 116ms
[2026-04-15T14:03:54.956Z] GET /api/v1/schedule/69dbebf21459d2a84fe9c20e - Status: 200 - IP: ::1 - User: Guest - ResponseTime: 118ms
[2026-04-15T14:04:16.491Z] GET /api/v1/auth/me - Status: 200 - IP: ::1 - User: Guest - ResponseTime: 115ms
[2026-04-15T14:04:16.608Z] GET /api/v1/auth/me - Status: 200 - IP: ::1 - User: Guest - ResponseTime: 105ms
[2026-04-15T14:04:16.703Z] GET /api/v1/events/69dbebf21459d2a84fe9c20e - Status: 200 - IP: ::1 - User: Guest - ResponseTime: 81ms
[2026-04-15T14:04:17.027Z] GET /api/v1/teams/registrations/69dbebf21459d2a84fe9c20e - Status: 200 - IP: ::1 - User: Guest - ResponseTime: 121ms
[2026-04-15T14:04:17.184Z] GET /api/v1/schedule/69dbebf21459d2a84fe9c20e - Status: 200 - IP: ::1 - User: Guest - ResponseTime: 111ms
[2026-04-15T14:04:48.742Z] GET /api/v1/auth/me - Status: 200 - IP: ::1 - User: Guest - ResponseTime: 201ms
[2026-04-15T14:04:48.869Z] GET /api/v1/auth/me - Status: 200 - IP: ::1 - User: Guest - ResponseTime: 104ms
[2026-04-15T14:04:49.268Z] GET /api/v1/events/69dbebf21459d2a84fe9c20e - Status: 200 - IP: ::1 - User: Guest - ResponseTime: 92ms
[2026-04-15T14:04:49.421Z] GET /api/v1/teams/registrations/69dbebf21459d2a84fe9c20e - Status: 200 - IP: ::1 - User: Guest - ResponseTime: 117ms
[2026-04-15T14:04:49.566Z] GET /api/v1/schedule/69dbebf21459d2a84fe9c20e - Status: 200 - IP: ::1 - User: Guest - ResponseTime: 116ms
[2026-04-15T14:05:03.582Z] GET /api/v1/auth/me - Status: 200 - IP: ::1 - User: Guest - ResponseTime: 101ms
[2026-04-15T14:05:03.705Z] GET /api/v1/auth/me - Status: 200 - IP: ::1 - User: Guest - ResponseTime: 111ms
[2026-04-15T14:05:03.813Z] GET /api/v1/events/69dbebf21459d2a84fe9c20e - Status: 200 - IP: ::1 - User: Guest - ResponseTime: 92ms
[2026-04-15T14:05:04.551Z] GET /api/v1/teams/registrations/69dbebf21459d2a84fe9c20e - Status: 200 - IP: ::1 - User: Guest - ResponseTime: 505ms
[2026-04-15T14:05:04.754Z] GET /api/v1/schedule/69dbebf21459d2a84fe9c20e - Status: 200 - IP: ::1 - User: Guest - ResponseTime: 182ms
[2026-04-15T14:05:10.009Z] GET /api/v1/auth/me - Status: 200 - IP: ::1 - User: Guest - ResponseTime: 823ms
[2026-04-15T14:05:10.111Z] GET /api/v1/auth/me - Status: 200 - IP: ::1 - User: Guest - ResponseTime: 75ms
[2026-04-15T14:05:10.323Z] GET /api/v1/events/69dbebf21459d2a84fe9c20e - Status: 200 - IP: ::1 - User: Guest - ResponseTime: 80ms
[2026-04-15T14:05:10.477Z] GET /api/v1/teams/registrations/69dbebf21459d2a84fe9c20e - Status: 200 - IP: ::1 - User: Guest - ResponseTime: 130ms
[2026-04-15T14:05:10.636Z] GET /api/v1/schedule/69dbebf21459d2a84fe9c20e - Status: 200 - IP: ::1 - User: Guest - ResponseTime: 113ms
[2026-04-15T14:05:18.191Z] GET /api/v1/auth/me - Status: 200 - IP: ::1 - User: Guest - ResponseTime: 106ms
[2026-04-15T14:05:18.320Z] GET /api/v1/auth/me - Status: 200 - IP: ::1 - User: Guest - ResponseTime: 117ms
[2026-04-15T14:05:18.430Z] GET /api/v1/events/69dbebf21459d2a84fe9c20e - Status: 200 - IP: ::1 - User: Guest - ResponseTime: 94ms
[2026-04-15T14:05:18.860Z] GET /api/v1/teams/registrations/69dbebf21459d2a84fe9c20e - Status: 200 - IP: ::1 - User: Guest - ResponseTime: 238ms
[2026-04-15T14:05:19.084Z] GET /api/v1/schedule/69dbebf21459d2a84fe9c20e - Status: 200 - IP: ::1 - User: Guest - ResponseTime: 200ms
[2026-04-15T14:07:14.259Z] GET /api/v1/auth/me - Status: 200 - IP: ::1 - User: Guest - ResponseTime: 145ms
[2026-04-15T14:07:14.384Z] GET /api/v1/auth/me - Status: 200 - IP: ::1 - User: Guest - ResponseTime: 114ms
[2026-04-15T14:07:14.508Z] GET /api/v1/events/69dbebf21459d2a84fe9c20e - Status: 200 - IP: ::1 - User: Guest - ResponseTime: 114ms
[2026-04-15T14:07:14.721Z] GET /api/v1/teams/registrations/69dbebf21459d2a84fe9c20e - Status: 200 - IP: ::1 - User: Guest - ResponseTime: 168ms
[2026-04-15T14:07:14.923Z] GET /api/v1/schedule/69dbebf21459d2a84fe9c20e - Status: 200 - IP: ::1 - User: Guest - ResponseTime: 188ms
[2026-04-15T14:07:18.159Z] GET /api/v1/auth/me - Status: 200 - IP: ::1 - User: Guest - ResponseTime: 124ms
[2026-04-15T14:07:18.558Z] GET /api/v1/events - Status: 200 - IP: ::1 - User: Guest - ResponseTime: 388ms
[2026-04-15T14:07:18.820Z] GET /api/v1/teams/registrations/69dbebf21459d2a84fe9c20e - Status: 200 - IP: ::1 - User: Guest - ResponseTime: 179ms
[2026-04-15T14:07:26.389Z] GET /api/v1/auth/me - Status: 200 - IP: ::1 - User: Guest - ResponseTime: 1135ms
[2026-04-15T14:07:26.536Z] GET /api/v1/auth/me - Status: 200 - IP: ::1 - User: Guest - ResponseTime: 141ms
[2026-04-15T14:07:26.668Z] GET /api/v1/events/69dbebf21459d2a84fe9c20e - Status: 200 - IP: ::1 - User: Guest - ResponseTime: 103ms
[2026-04-15T14:07:26.899Z] GET /api/v1/teams/registrations/69dbebf21459d2a84fe9c20e - Status: 200 - IP: ::1 - User: Guest - ResponseTime: 221ms
[2026-04-15T14:07:27.107Z] GET /api/v1/schedule/69dbebf21459d2a84fe9c20e - Status: 200 - IP: ::1 - User: Guest - ResponseTime: 194ms
[2026-04-15T14:09:28.657Z] GET /api/v1/auth/me - Status: 200 - IP: ::1 - User: Guest - ResponseTime: 698ms
[2026-04-15T14:09:28.746Z] GET /api/v1/auth/me - Status: 200 - IP: ::1 - User: Guest - ResponseTime: 77ms
[2026-04-15T14:09:28.957Z] GET /api/v1/events/69dbebf21459d2a84fe9c20e - Status: 200 - IP: ::1 - User: Guest - ResponseTime: 75ms
[2026-04-15T14:09:29.112Z] GET /api/v1/teams/registrations/69dbebf21459d2a84fe9c20e - Status: 200 - IP: ::1 - User: Guest - ResponseTime: 115ms
[2026-04-15T14:09:29.264Z] GET /api/v1/schedule/69dbebf21459d2a84fe9c20e - Status: 200 - IP: ::1 - User: Guest - ResponseTime: 137ms
[2026-04-15T14:10:21.946Z] GET /api/v1/auth/me - Status: 200 - IP: ::1 - User: Guest - ResponseTime: 145ms
[2026-04-15T14:10:22.064Z] GET /api/v1/auth/me - Status: 200 - IP: ::1 - User: Guest - ResponseTime: 105ms
[2026-04-15T14:10:22.725Z] GET /api/v1/events/69dbebf21459d2a84fe9c20e - Status: 200 - IP: ::1 - User: Guest - ResponseTime: 263ms
[2026-04-15T14:10:23.012Z] GET /api/v1/teams/registrations/69dbebf21459d2a84fe9c20e - Status: 200 - IP: ::1 - User: Guest - ResponseTime: 247ms
[2026-04-15T14:10:23.266Z] GET /api/v1/schedule/69dbebf21459d2a84fe9c20e - Status: 200 - IP: ::1 - User: Guest - ResponseTime: 232ms
[2026-04-15T14:10:47.924Z] GET /api/v1/auth/me - Status: 200 - IP: ::1 - User: Guest - ResponseTime: 74ms
[2026-04-15T14:10:48.014Z] GET /api/v1/auth/me - Status: 200 - IP: ::1 - User: Guest - ResponseTime: 77ms
[2026-04-15T14:10:48.101Z] GET /api/v1/events/69dbebf21459d2a84fe9c20e - Status: 200 - IP: ::1 - User: Guest - ResponseTime: 75ms
[2026-04-15T14:10:48.227Z] GET /api/v1/teams/registrations/69dbebf21459d2a84fe9c20e - Status: 200 - IP: ::1 - User: Guest - ResponseTime: 115ms
[2026-04-15T14:10:48.576Z] GET /api/v1/schedule/69dbebf21459d2a84fe9c20e - Status: 200 - IP: ::1 - User: Guest - ResponseTime: 115ms
[2026-04-15T15:17:25.030Z] GET /api/v1/auth/me - Status: 401 - IP: ::1 - User: Guest - ResponseTime: 0ms
[2026-04-15T15:17:25.078Z] GET /api/v1/auth/me - Status: 401 - IP: ::1 - User: Guest - ResponseTime: 0ms
[2026-04-15T15:17:34.514Z] POST /api/v1/auth/login - Status: 200 - IP: ::1 - User: Guest - ResponseTime: 2452ms
[2026-04-15T15:17:56.295Z] GET /api/v1/auth/me - Status: 200 - IP: ::1 - User: Guest - ResponseTime: 20204ms
[2026-04-15T15:17:56.513Z] GET /api/v1/events - Status: 200 - IP: ::1 - User: Guest - ResponseTime: 214ms
[2026-04-15T15:17:56.786Z] GET /api/v1/teams/registrations/69dbebf21459d2a84fe9c20e - Status: 200 - IP: ::1 - User: Guest - ResponseTime: 249ms
[2026-04-15T15:18:01.896Z] GET /api/v1/auth/me - Status: 200 - IP: ::1 - User: Guest - ResponseTime: 145ms
[2026-04-15T15:18:02.071Z] GET /api/v1/auth/me - Status: 200 - IP: ::1 - User: Guest - ResponseTime: 171ms
[2026-04-15T15:18:02.239Z] GET /api/v1/events/69dbebf21459d2a84fe9c20e - Status: 200 - IP: ::1 - User: Guest - ResponseTime: 145ms
[2026-04-15T15:18:02.482Z] GET /api/v1/teams/registrations/69dbebf21459d2a84fe9c20e - Status: 200 - IP: ::1 - User: Guest - ResponseTime: 233ms
[2026-04-15T15:18:02.758Z] GET /api/v1/schedule/69dbebf21459d2a84fe9c20e - Status: 200 - IP: ::1 - User: Guest - ResponseTime: 270ms
[2026-04-15T15:18:09.821Z] PUT /api/v1/teams/registrations/69df970a2621d221dae206ce/approve - Status: 200 - IP: ::1 - User: Guest - ResponseTime: 764ms
[2026-04-15T15:18:11.566Z] GET /api/v1/teams/registrations/69dbebf21459d2a84fe9c20e - Status: 200 - IP: ::1 - User: Guest - ResponseTime: 185ms
[2026-04-15T15:20:19.721Z] GET /api/v1/auth/me - Status: 200 - IP: ::1 - User: Guest - ResponseTime: 73ms
[2026-04-15T15:20:19.934Z] GET /api/v1/auth/me - Status: 200 - IP: ::1 - User: Guest - ResponseTime: 84ms
[2026-04-15T15:20:20.239Z] GET /api/v1/events/69dbebf21459d2a84fe9c20e - Status: 200 - IP: ::1 - User: Guest - ResponseTime: 152ms
[2026-04-15T15:20:20.481Z] GET /api/v1/teams/registrations/69dbebf21459d2a84fe9c20e - Status: 200 - IP: ::1 - User: Guest - ResponseTime: 178ms
[2026-04-15T15:20:20.652Z] GET /api/v1/schedule/69dbebf21459d2a84fe9c20e - Status: 200 - IP: ::1 - User: Guest - ResponseTime: 136ms
[2026-04-15T15:21:41.703Z] GET /api/v1/auth/me - Status: 200 - IP: ::1 - User: Guest - ResponseTime: 101ms
[2026-04-15T15:21:41.891Z] GET /api/v1/auth/me - Status: 200 - IP: ::1 - User: Guest - ResponseTime: 88ms
[2026-04-15T15:21:42.121Z] GET /api/v1/events/69dbebf21459d2a84fe9c20e - Status: 200 - IP: ::1 - User: Guest - ResponseTime: 80ms
[2026-04-15T15:21:42.403Z] GET /api/v1/teams/registrations/69dbebf21459d2a84fe9c20e - Status: 200 - IP: ::1 - User: Guest - ResponseTime: 151ms
[2026-04-15T15:21:42.568Z] GET /api/v1/schedule/69dbebf21459d2a84fe9c20e - Status: 200 - IP: ::1 - User: Guest - ResponseTime: 113ms
[2026-04-15T15:21:55.774Z] GET /api/v1/auth/me - Status: 200 - IP: ::1 - User: Guest - ResponseTime: 1978ms
[2026-04-15T15:21:55.971Z] GET /api/v1/auth/me - Status: 200 - IP: ::1 - User: Guest - ResponseTime: 164ms
[2026-04-15T15:21:56.351Z] GET /api/v1/events/69dbebf21459d2a84fe9c20e - Status: 200 - IP: ::1 - User: Guest - ResponseTime: 246ms
[2026-04-15T15:21:56.665Z] GET /api/v1/teams/registrations/69dbebf21459d2a84fe9c20e - Status: 200 - IP: ::1 - User: Guest - ResponseTime: 267ms
[2026-04-15T15:21:56.884Z] GET /api/v1/schedule/69dbebf21459d2a84fe9c20e - Status: 200 - IP: ::1 - User: Guest - ResponseTime: 170ms
[2026-04-15T15:23:53.531Z] GET /api/v1/auth/me - Status: 200 - IP: ::1 - User: Guest - ResponseTime: 77ms
[2026-04-15T15:23:53.977Z] GET /api/v1/auth/me - Status: 200 - IP: ::1 - User: Guest - ResponseTime: 404ms
[2026-04-15T15:23:54.276Z] GET /api/v1/events/69dbebf21459d2a84fe9c20e - Status: 200 - IP: ::1 - User: Guest - ResponseTime: 230ms
[2026-04-15T15:23:54.483Z] GET /api/v1/teams/registrations/69dbebf21459d2a84fe9c20e - Status: 200 - IP: ::1 - User: Guest - ResponseTime: 184ms
[2026-04-15T15:23:54.786Z] GET /api/v1/schedule/69dbebf21459d2a84fe9c20e - Status: 200 - IP: ::1 - User: Guest - ResponseTime: 286ms
[2026-04-15T15:24:13.779Z] GET /api/v1/auth/me - Status: 200 - IP: ::1 - User: Guest - ResponseTime: 77ms
[2026-04-15T15:24:13.891Z] GET /api/v1/auth/me - Status: 200 - IP: ::1 - User: Guest - ResponseTime: 105ms
[2026-04-15T15:24:14.338Z] GET /api/v1/events/69dbebf21459d2a84fe9c20e - Status: 200 - IP: ::1 - User: Guest - ResponseTime: 436ms
[2026-04-15T15:24:14.642Z] GET /api/v1/teams/registrations/69dbebf21459d2a84fe9c20e - Status: 200 - IP: ::1 - User: Guest - ResponseTime: 184ms
[2026-04-15T15:24:14.945Z] GET /api/v1/schedule/69dbebf21459d2a84fe9c20e - Status: 200 - IP: ::1 - User: Guest - ResponseTime: 280ms
[2026-04-15T15:24:23.545Z] GET /api/v1/auth/me - Status: 200 - IP: ::1 - User: Guest - ResponseTime: 874ms
[2026-04-15T15:24:24.085Z] GET /api/v1/auth/me - Status: 200 - IP: ::1 - User: Guest - ResponseTime: 513ms
[2026-04-15T15:24:24.266Z] GET /api/v1/events/69dbebf21459d2a84fe9c20e - Status: 200 - IP: ::1 - User: Guest - ResponseTime: 74ms
[2026-04-15T15:24:24.413Z] GET /api/v1/teams/registrations/69dbebf21459d2a84fe9c20e - Status: 200 - IP: ::1 - User: Guest - ResponseTime: 110ms
[2026-04-15T15:24:24.553Z] GET /api/v1/schedule/69dbebf21459d2a84fe9c20e - Status: 200 - IP: ::1 - User: Guest - ResponseTime: 111ms
[2026-04-15T15:24:38.981Z] GET /api/v1/auth/me - Status: 200 - IP: ::1 - User: Guest - ResponseTime: 663ms
[2026-04-15T15:24:39.174Z] GET /api/v1/auth/me - Status: 200 - IP: ::1 - User: Guest - ResponseTime: 165ms
[2026-04-15T15:24:39.710Z] GET /api/v1/events/69dbebf21459d2a84fe9c20e - Status: 200 - IP: ::1 - User: Guest - ResponseTime: 408ms
[2026-04-15T15:24:39.925Z] GET /api/v1/teams/registrations/69dbebf21459d2a84fe9c20e - Status: 200 - IP: ::1 - User: Guest - ResponseTime: 188ms
[2026-04-15T15:24:40.326Z] GET /api/v1/schedule/69dbebf21459d2a84fe9c20e - Status: 200 - IP: ::1 - User: Guest - ResponseTime: 372ms
[2026-04-15T15:24:41.258Z] GET /api/v1/auth/me - Status: 200 - IP: ::1 - User: Guest - ResponseTime: 181ms
[2026-04-15T15:24:41.399Z] GET /api/v1/auth/me - Status: 200 - IP: ::1 - User: Guest - ResponseTime: 127ms
[2026-04-15T15:24:41.743Z] GET /api/v1/events/69dbebf21459d2a84fe9c20e - Status: 200 - IP: ::1 - User: Guest - ResponseTime: 142ms
[2026-04-15T15:24:41.915Z] GET /api/v1/teams/registrations/69dbebf21459d2a84fe9c20e - Status: 200 - IP: ::1 - User: Guest - ResponseTime: 143ms
[2026-04-15T15:24:42.499Z] GET /api/v1/schedule/69dbebf21459d2a84fe9c20e - Status: 200 - IP: ::1 - User: Guest - ResponseTime: 559ms
[2026-04-15T15:29:01.178Z] GET /api/v1/auth/me - Status: 200 - IP: ::1 - User: Guest - ResponseTime: 96ms
[2026-04-15T15:29:02.016Z] GET /api/v1/auth/me - Status: 200 - IP: ::1 - User: Guest - ResponseTime: 639ms
[2026-04-15T15:29:03.020Z] GET /api/v1/events/69dbebf21459d2a84fe9c20e - Status: 200 - IP: ::1 - User: Guest - ResponseTime: 863ms
[2026-04-15T15:29:03.550Z] GET /api/v1/teams/registrations/69dbebf21459d2a84fe9c20e - Status: 200 - IP: ::1 - User: Guest - ResponseTime: 490ms
[2026-04-15T15:29:03.901Z] GET /api/v1/schedule/69dbebf21459d2a84fe9c20e - Status: 200 - IP: ::1 - User: Guest - ResponseTime: 317ms
[2026-04-15T15:29:16.947Z] GET /api/v1/auth/me - Status: 200 - IP: ::1 - User: Guest - ResponseTime: 235ms
[2026-04-15T15:29:17.456Z] GET /api/v1/auth/me - Status: 200 - IP: ::1 - User: Guest - ResponseTime: 462ms
[2026-04-15T15:29:17.655Z] GET /api/v1/events/69dbebf21459d2a84fe9c20e - Status: 200 - IP: ::1 - User: Guest - ResponseTime: 144ms
[2026-04-15T15:29:18.160Z] GET /api/v1/teams/registrations/69dbebf21459d2a84fe9c20e - Status: 200 - IP: ::1 - User: Guest - ResponseTime: 453ms
[2026-04-15T15:29:18.879Z] GET /api/v1/schedule/69dbebf21459d2a84fe9c20e - Status: 200 - IP: ::1 - User: Guest - ResponseTime: 694ms
[2026-04-15T15:29:20.109Z] GET /api/v1/auth/me - Status: 200 - IP: ::1 - User: Guest - ResponseTime: 284ms
[2026-04-15T15:29:20.382Z] GET /api/v1/auth/me - Status: 200 - IP: ::1 - User: Guest - ResponseTime: 253ms
[2026-04-15T15:29:20.569Z] GET /api/v1/events/69dbebf21459d2a84fe9c20e - Status: 200 - IP: ::1 - User: Guest - ResponseTime: 120ms
[2026-04-15T15:29:21.129Z] GET /api/v1/teams/registrations/69dbebf21459d2a84fe9c20e - Status: 200 - IP: ::1 - User: Guest - ResponseTime: 477ms
[2026-04-15T15:29:21.437Z] GET /api/v1/schedule/69dbebf21459d2a84fe9c20e - Status: 200 - IP: ::1 - User: Guest - ResponseTime: 291ms
[2026-04-15T15:32:02.477Z] GET /api/v1/auth/me - Status: 200 - IP: ::1 - User: Guest - ResponseTime: 81ms
[2026-04-15T15:32:02.650Z] GET /api/v1/auth/me - Status: 200 - IP: ::1 - User: Guest - ResponseTime: 76ms
[2026-04-15T15:32:03.182Z] GET /api/v1/events/69dbebf21459d2a84fe9c20e - Status: 200 - IP: ::1 - User: Guest - ResponseTime: 127ms
[2026-04-15T15:32:03.403Z] GET /api/v1/teams/registrations/69dbebf21459d2a84fe9c20e - Status: 200 - IP: ::1 - User: Guest - ResponseTime: 176ms
[2026-04-15T15:32:03.607Z] GET /api/v1/schedule/69dbebf21459d2a84fe9c20e - Status: 200 - IP: ::1 - User: Guest - ResponseTime: 177ms
[2026-04-15T15:32:16.477Z] GET /api/v1/auth/me - Status: 200 - IP: ::1 - User: Guest - ResponseTime: 338ms
[2026-04-15T15:32:16.731Z] GET /api/v1/auth/me - Status: 200 - IP: ::1 - User: Guest - ResponseTime: 218ms
[2026-04-15T15:32:17.143Z] GET /api/v1/events/69dbebf21459d2a84fe9c20e - Status: 200 - IP: ::1 - User: Guest - ResponseTime: 201ms
[2026-04-15T15:32:17.445Z] GET /api/v1/teams/registrations/69dbebf21459d2a84fe9c20e - Status: 200 - IP: ::1 - User: Guest - ResponseTime: 264ms
[2026-04-15T15:32:17.672Z] GET /api/v1/schedule/69dbebf21459d2a84fe9c20e - Status: 200 - IP: ::1 - User: Guest - ResponseTime: 151ms
[2026-04-15T15:32:21.901Z] GET /api/v1/auth/me - Status: 200 - IP: ::1 - User: Guest - ResponseTime: 74ms
[2026-04-15T15:32:21.988Z] GET /api/v1/auth/me - Status: 200 - IP: ::1 - User: Guest - ResponseTime: 73ms
[2026-04-15T15:32:22.092Z] GET /api/v1/events/69dbebf21459d2a84fe9c20e - Status: 200 - IP: ::1 - User: Guest - ResponseTime: 92ms
[2026-04-15T15:32:22.392Z] GET /api/v1/teams/registrations/69dbebf21459d2a84fe9c20e - Status: 200 - IP: ::1 - User: Guest - ResponseTime: 117ms
[2026-04-15T15:32:22.583Z] GET /api/v1/schedule/69dbebf21459d2a84fe9c20e - Status: 200 - IP: ::1 - User: Guest - ResponseTime: 166ms
[2026-04-15T15:32:24.064Z] GET /api/v1/auth/me - Status: 200 - IP: ::1 - User: Guest - ResponseTime: 215ms
[2026-04-15T15:32:24.593Z] GET /api/v1/auth/me - Status: 200 - IP: ::1 - User: Guest - ResponseTime: 521ms
[2026-04-15T15:32:25.029Z] GET /api/v1/events/69dbebf21459d2a84fe9c20e - Status: 200 - IP: ::1 - User: Guest - ResponseTime: 318ms
[2026-04-15T15:32:25.363Z] GET /api/v1/teams/registrations/69dbebf21459d2a84fe9c20e - Status: 200 - IP: ::1 - User: Guest - ResponseTime: 298ms
[2026-04-15T15:32:25.575Z] GET /api/v1/schedule/69dbebf21459d2a84fe9c20e - Status: 200 - IP: ::1 - User: Guest - ResponseTime: 191ms
[2026-04-15T15:32:46.885Z] GET /api/v1/auth/me - Status: 401 - IP: ::1 - User: Guest - ResponseTime: 0ms
[2026-04-15T15:32:46.963Z] GET /api/v1/auth/me - Status: 401 - IP: ::1 - User: Guest - ResponseTime: 0ms
[2026-04-15T15:32:52.743Z] GET /api/v1/auth/me - Status: 401 - IP: ::1 - User: Guest - ResponseTime: 1ms
[2026-04-15T15:33:24.583Z] POST /api/v1/auth/login - Status: 200 - IP: ::1 - User: Guest - ResponseTime: 499ms
[2026-04-15T15:33:27.701Z] GET /api/v1/auth/me - Status: 200 - IP: ::1 - User: Guest - ResponseTime: 493ms
[2026-04-15T15:33:28.673Z] GET /api/v1/events - Status: 200 - IP: ::1 - User: Guest - ResponseTime: 958ms
[2026-04-15T15:33:28.974Z] GET /api/v1/teams/checkregistration/69dbebf21459d2a84fe9c20e - Status: 200 - IP: ::1 - User: Guest - ResponseTime: 205ms
[2026-04-15T15:33:34.778Z] GET /api/v1/payment/69df970a2621d221dae206ce/getstatus - Status: 200 - IP: ::1 - User: Guest - ResponseTime: 1095ms
[2026-04-15T15:33:39.731Z] GET /api/v1/payment/69df970a2621d221dae206ce/getstatus - Status: 200 - IP: ::1 - User: Guest - ResponseTime: 673ms
[2026-04-15T15:33:41.218Z] GET /api/v1/payment/69df970a2621d221dae206ce/getstatus - Status: 200 - IP: ::1 - User: Guest - ResponseTime: 326ms
[2026-04-15T15:33:49.288Z] GET /api/v1/payment/69df970a2621d221dae206ce/getstatus - Status: 200 - IP: ::1 - User: Guest - ResponseTime: 214ms
[2026-04-15T15:35:51.649Z] GET /api/v1/auth/me - Status: 401 - IP: ::1 - User: Guest - ResponseTime: 0ms
[2026-04-15T15:35:51.713Z] GET /api/v1/auth/me - Status: 401 - IP: ::1 - User: Guest - ResponseTime: 0ms
[2026-04-15T15:35:59.044Z] POST /api/v1/auth/login - Status: 200 - IP: ::1 - User: Guest - ResponseTime: 413ms
[2026-04-15T15:36:01.089Z] GET /api/v1/auth/me - Status: 200 - IP: ::1 - User: Guest - ResponseTime: 109ms
[2026-04-15T15:36:01.208Z] GET /api/v1/events - Status: 200 - IP: ::1 - User: Guest - ResponseTime: 108ms
[2026-04-15T15:36:01.368Z] GET /api/v1/teams/registrations/69dbebf21459d2a84fe9c20e - Status: 200 - IP: ::1 - User: Guest - ResponseTime: 112ms
[2026-04-15T15:36:10.117Z] GET /api/v1/auth/me - Status: 200 - IP: ::1 - User: Guest - ResponseTime: 141ms
[2026-04-15T15:36:10.215Z] GET /api/v1/auth/me - Status: 200 - IP: ::1 - User: Guest - ResponseTime: 93ms
[2026-04-15T15:36:10.314Z] GET /api/v1/events/69dbebf21459d2a84fe9c20e - Status: 200 - IP: ::1 - User: Guest - ResponseTime: 81ms
[2026-04-15T15:36:10.564Z] GET /api/v1/teams/registrations/69dbebf21459d2a84fe9c20e - Status: 200 - IP: ::1 - User: Guest - ResponseTime: 239ms
[2026-04-15T15:36:10.765Z] GET /api/v1/schedule/69dbebf21459d2a84fe9c20e - Status: 200 - IP: ::1 - User: Guest - ResponseTime: 194ms
[2026-04-15T15:37:56.379Z] GET /api/v1/auth/me - Status: 200 - IP: ::1 - User: Guest - ResponseTime: 271ms
[2026-04-15T15:37:56.708Z] GET /api/v1/auth/me - Status: 200 - IP: ::1 - User: Guest - ResponseTime: 284ms
[2026-04-15T15:37:56.852Z] GET /api/v1/events/69dbebf21459d2a84fe9c20e - Status: 200 - IP: ::1 - User: Guest - ResponseTime: 87ms
[2026-04-15T15:37:56.994Z] GET /api/v1/teams/registrations/69dbebf21459d2a84fe9c20e - Status: 200 - IP: ::1 - User: Guest - ResponseTime: 118ms
[2026-04-15T15:37:57.126Z] GET /api/v1/schedule/69dbebf21459d2a84fe9c20e - Status: 200 - IP: ::1 - User: Guest - ResponseTime: 117ms
[2026-04-15T15:38:05.172Z] GET /api/v1/auth/me - Status: 200 - IP: ::1 - User: Guest - ResponseTime: 72ms
[2026-04-15T15:38:05.293Z] GET /api/v1/auth/me - Status: 200 - IP: ::1 - User: Guest - ResponseTime: 110ms
[2026-04-15T15:38:05.448Z] GET /api/v1/events/69dbebf21459d2a84fe9c20e - Status: 200 - IP: ::1 - User: Guest - ResponseTime: 146ms
[2026-04-15T15:38:05.613Z] GET /api/v1/teams/registrations/69dbebf21459d2a84fe9c20e - Status: 200 - IP: ::1 - User: Guest - ResponseTime: 153ms
[2026-04-15T15:38:05.928Z] GET /api/v1/schedule/69dbebf21459d2a84fe9c20e - Status: 200 - IP: ::1 - User: Guest - ResponseTime: 198ms
[2026-04-15T15:38:13.463Z] GET /api/v1/auth/me - Status: 200 - IP: ::1 - User: Guest - ResponseTime: 79ms
[2026-04-15T15:38:13.544Z] GET /api/v1/auth/me - Status: 200 - IP: ::1 - User: Guest - ResponseTime: 70ms
[2026-04-15T15:38:13.677Z] GET /api/v1/events/69dbebf21459d2a84fe9c20e - Status: 200 - IP: ::1 - User: Guest - ResponseTime: 127ms
[2026-04-15T15:38:13.844Z] GET /api/v1/teams/registrations/69dbebf21459d2a84fe9c20e - Status: 200 - IP: ::1 - User: Guest - ResponseTime: 150ms
[2026-04-15T15:38:14.185Z] GET /api/v1/schedule/69dbebf21459d2a84fe9c20e - Status: 200 - IP: ::1 - User: Guest - ResponseTime: 127ms
[2026-04-15T15:38:15.773Z] GET /api/v1/auth/me - Status: 200 - IP: ::1 - User: Guest - ResponseTime: 74ms
[2026-04-15T15:38:15.855Z] GET /api/v1/auth/me - Status: 200 - IP: ::1 - User: Guest - ResponseTime: 74ms
[2026-04-15T15:38:15.935Z] GET /api/v1/events/69dbebf21459d2a84fe9c20e - Status: 200 - IP: ::1 - User: Guest - ResponseTime: 71ms
[2026-04-15T15:38:16.053Z] GET /api/v1/teams/registrations/69dbebf21459d2a84fe9c20e - Status: 200 - IP: ::1 - User: Guest - ResponseTime: 108ms
[2026-04-15T15:38:16.416Z] GET /api/v1/schedule/69dbebf21459d2a84fe9c20e - Status: 200 - IP: ::1 - User: Guest - ResponseTime: 108ms
[2026-04-15T15:38:40.742Z] GET /api/v1/auth/me - Status: 200 - IP: ::1 - User: Guest - ResponseTime: 75ms
[2026-04-15T15:38:40.823Z] GET /api/v1/auth/me - Status: 200 - IP: ::1 - User: Guest - ResponseTime: 71ms
[2026-04-15T15:38:40.905Z] GET /api/v1/events/69dbebf21459d2a84fe9c20e - Status: 200 - IP: ::1 - User: Guest - ResponseTime: 75ms
[2026-04-15T15:38:41.026Z] GET /api/v1/teams/registrations/69dbebf21459d2a84fe9c20e - Status: 200 - IP: ::1 - User: Guest - ResponseTime: 108ms
[2026-04-15T15:38:41.373Z] GET /api/v1/schedule/69dbebf21459d2a84fe9c20e - Status: 200 - IP: ::1 - User: Guest - ResponseTime: 123ms
[2026-04-15T15:38:44.431Z] GET /api/v1/auth/me - Status: 200 - IP: ::1 - User: Guest - ResponseTime: 171ms
[2026-04-15T15:38:44.555Z] GET /api/v1/auth/me - Status: 200 - IP: ::1 - User: Guest - ResponseTime: 114ms
[2026-04-15T15:38:44.644Z] GET /api/v1/events/69dbebf21459d2a84fe9c20e - Status: 200 - IP: ::1 - User: Guest - ResponseTime: 75ms
[2026-04-15T15:38:45.046Z] GET /api/v1/teams/registrations/69dbebf21459d2a84fe9c20e - Status: 200 - IP: ::1 - User: Guest - ResponseTime: 120ms
[2026-04-15T15:38:45.178Z] GET /api/v1/schedule/69dbebf21459d2a84fe9c20e - Status: 200 - IP: ::1 - User: Guest - ResponseTime: 112ms
[2026-04-15T15:38:58.358Z] GET /api/v1/auth/me - Status: 200 - IP: ::1 - User: Guest - ResponseTime: 95ms
[2026-04-15T15:38:58.443Z] GET /api/v1/auth/me - Status: 200 - IP: ::1 - User: Guest - ResponseTime: 79ms
[2026-04-15T15:38:58.531Z] GET /api/v1/events/69dbebf21459d2a84fe9c20e - Status: 200 - IP: ::1 - User: Guest - ResponseTime: 77ms
[2026-04-15T15:38:58.652Z] GET /api/v1/teams/registrations/69dbebf21459d2a84fe9c20e - Status: 200 - IP: ::1 - User: Guest - ResponseTime: 110ms
[2026-04-15T15:38:58.870Z] GET /api/v1/schedule/69dbebf21459d2a84fe9c20e - Status: 200 - IP: ::1 - User: Guest - ResponseTime: 116ms
[2026-04-15T15:39:03.249Z] GET /api/v1/auth/me - Status: 200 - IP: ::1 - User: Guest - ResponseTime: 166ms
[2026-04-15T15:39:03.767Z] GET /api/v1/events - Status: 200 - IP: ::1 - User: Guest - ResponseTime: 505ms
[2026-04-15T15:39:04.119Z] GET /api/v1/teams/registrations/69dbebf21459d2a84fe9c20e - Status: 200 - IP: ::1 - User: Guest - ResponseTime: 298ms
[2026-04-15T15:39:21.295Z] GET /api/v1/auth/me - Status: 200 - IP: ::1 - User: Guest - ResponseTime: 71ms
[2026-04-15T15:39:21.381Z] GET /api/v1/auth/me - Status: 200 - IP: ::1 - User: Guest - ResponseTime: 77ms
[2026-04-15T15:39:21.486Z] GET /api/v1/events/69dbebf21459d2a84fe9c20e - Status: 200 - IP: ::1 - User: Guest - ResponseTime: 80ms
[2026-04-15T15:39:21.610Z] GET /api/v1/teams/registrations/69dbebf21459d2a84fe9c20e - Status: 200 - IP: ::1 - User: Guest - ResponseTime: 111ms
[2026-04-15T15:39:21.823Z] GET /api/v1/schedule/69dbebf21459d2a84fe9c20e - Status: 200 - IP: ::1 - User: Guest - ResponseTime: 115ms
[2026-04-15T15:40:05.011Z] GET /api/v1/auth/me - Status: 200 - IP: ::1 - User: Guest - ResponseTime: 118ms
[2026-04-15T15:40:05.121Z] GET /api/v1/auth/me - Status: 200 - IP: ::1 - User: Guest - ResponseTime: 84ms
[2026-04-15T15:40:05.209Z] GET /api/v1/events/69dbebf21459d2a84fe9c20e - Status: 200 - IP: ::1 - User: Guest - ResponseTime: 77ms
[2026-04-15T15:40:05.339Z] GET /api/v1/teams/registrations/69dbebf21459d2a84fe9c20e - Status: 200 - IP: ::1 - User: Guest - ResponseTime: 118ms
[2026-04-15T15:40:05.659Z] GET /api/v1/schedule/69dbebf21459d2a84fe9c20e - Status: 200 - IP: ::1 - User: Guest - ResponseTime: 110ms
[2026-04-15T15:40:16.506Z] GET /api/v1/auth/me - Status: 200 - IP: ::1 - User: Guest - ResponseTime: 78ms
[2026-04-15T15:40:16.594Z] GET /api/v1/auth/me - Status: 200 - IP: ::1 - User: Guest - ResponseTime: 76ms
[2026-04-15T15:40:16.679Z] GET /api/v1/events/69dbebf21459d2a84fe9c20e - Status: 200 - IP: ::1 - User: Guest - ResponseTime: 79ms
[2026-04-15T15:40:16.828Z] GET /api/v1/teams/registrations/69dbebf21459d2a84fe9c20e - Status: 200 - IP: ::1 - User: Guest - ResponseTime: 134ms
[2026-04-15T15:40:17.192Z] GET /api/v1/schedule/69dbebf21459d2a84fe9c20e - Status: 200 - IP: ::1 - User: Guest - ResponseTime: 108ms
[2026-04-15T15:40:25.795Z] GET /api/v1/auth/me - Status: 200 - IP: ::1 - User: Guest - ResponseTime: 374ms
[2026-04-15T15:40:25.881Z] GET /api/v1/auth/me - Status: 200 - IP: ::1 - User: Guest - ResponseTime: 76ms
[2026-04-15T15:40:26.219Z] GET /api/v1/events/69dbebf21459d2a84fe9c20e - Status: 200 - IP: ::1 - User: Guest - ResponseTime: 73ms
[2026-04-15T15:40:26.349Z] GET /api/v1/teams/registrations/69dbebf21459d2a84fe9c20e - Status: 200 - IP: ::1 - User: Guest - ResponseTime: 110ms
[2026-04-15T15:40:26.484Z] GET /api/v1/schedule/69dbebf21459d2a84fe9c20e - Status: 200 - IP: ::1 - User: Guest - ResponseTime: 116ms
[2026-04-15T15:40:27.400Z] GET /api/v1/auth/me - Status: 200 - IP: ::1 - User: Guest - ResponseTime: 77ms
[2026-04-15T15:40:27.481Z] GET /api/v1/auth/me - Status: 200 - IP: ::1 - User: Guest - ResponseTime: 75ms
[2026-04-15T15:40:27.558Z] GET /api/v1/events/69dbebf21459d2a84fe9c20e - Status: 200 - IP: ::1 - User: Guest - ResponseTime: 69ms
[2026-04-15T15:40:27.877Z] GET /api/v1/teams/registrations/69dbebf21459d2a84fe9c20e - Status: 200 - IP: ::1 - User: Guest - ResponseTime: 307ms
[2026-04-15T15:40:28.339Z] GET /api/v1/schedule/69dbebf21459d2a84fe9c20e - Status: 200 - IP: ::1 - User: Guest - ResponseTime: 351ms
[2026-04-15T15:40:39.974Z] GET /api/v1/auth/me - Status: 200 - IP: ::1 - User: Guest - ResponseTime: 69ms
[2026-04-15T15:40:40.055Z] GET /api/v1/auth/me - Status: 200 - IP: ::1 - User: Guest - ResponseTime: 72ms
[2026-04-15T15:40:40.144Z] GET /api/v1/events/69dbebf21459d2a84fe9c20e - Status: 200 - IP: ::1 - User: Guest - ResponseTime: 80ms
[2026-04-15T15:40:40.266Z] GET /api/v1/teams/registrations/69dbebf21459d2a84fe9c20e - Status: 200 - IP: ::1 - User: Guest - ResponseTime: 109ms
[2026-04-15T15:40:40.386Z] GET /api/v1/schedule/69dbebf21459d2a84fe9c20e - Status: 200 - IP: ::1 - User: Guest - ResponseTime: 108ms
[2026-04-15T15:40:47.889Z] GET /api/v1/auth/me - Status: 200 - IP: ::1 - User: Guest - ResponseTime: 73ms
[2026-04-15T15:40:47.985Z] GET /api/v1/auth/me - Status: 200 - IP: ::1 - User: Guest - ResponseTime: 84ms
[2026-04-15T15:40:48.076Z] GET /api/v1/events/69dbebf21459d2a84fe9c20e - Status: 200 - IP: ::1 - User: Guest - ResponseTime: 85ms
[2026-04-15T15:40:48.264Z] GET /api/v1/teams/registrations/69dbebf21459d2a84fe9c20e - Status: 200 - IP: ::1 - User: Guest - ResponseTime: 172ms
[2026-04-15T15:40:48.602Z] GET /api/v1/schedule/69dbebf21459d2a84fe9c20e - Status: 200 - IP: ::1 - User: Guest - ResponseTime: 160ms
[2026-04-15T15:40:59.519Z] GET /api/v1/auth/me - Status: 200 - IP: ::1 - User: Guest - ResponseTime: 124ms
[2026-04-15T15:40:59.642Z] GET /api/v1/auth/me - Status: 200 - IP: ::1 - User: Guest - ResponseTime: 113ms
[2026-04-15T15:40:59.765Z] GET /api/v1/events/69dbebf21459d2a84fe9c20e - Status: 200 - IP: ::1 - User: Guest - ResponseTime: 108ms
[2026-04-15T15:40:59.964Z] GET /api/v1/teams/registrations/69dbebf21459d2a84fe9c20e - Status: 200 - IP: ::1 - User: Guest - ResponseTime: 191ms
[2026-04-15T15:41:00.373Z] GET /api/v1/schedule/69dbebf21459d2a84fe9c20e - Status: 200 - IP: ::1 - User: Guest - ResponseTime: 343ms
[2026-04-15T15:41:04.111Z] GET /api/v1/auth/me - Status: 200 - IP: ::1 - User: Guest - ResponseTime: 1330ms
[2026-04-15T15:41:04.196Z] GET /api/v1/events - Status: 200 - IP: ::1 - User: Guest - ResponseTime: 80ms
[2026-04-15T15:41:04.369Z] GET /api/v1/teams/registrations/69dbebf21459d2a84fe9c20e - Status: 200 - IP: ::1 - User: Guest - ResponseTime: 111ms
[2026-04-15T15:41:40.344Z] GET /api/v1/auth/me - Status: 200 - IP: ::1 - User: Guest - ResponseTime: 71ms
[2026-04-15T15:41:40.456Z] GET /api/v1/events - Status: 200 - IP: ::1 - User: Guest - ResponseTime: 79ms
[2026-04-15T15:41:40.589Z] GET /api/v1/teams/registrations/69dbebf21459d2a84fe9c20e - Status: 200 - IP: ::1 - User: Guest - ResponseTime: 127ms
[2026-04-15T15:41:52.858Z] GET /api/v1/auth/me - Status: 200 - IP: ::1 - User: Guest - ResponseTime: 171ms
[2026-04-15T15:41:53.086Z] GET /api/v1/events - Status: 200 - IP: ::1 - User: Guest - ResponseTime: 220ms
[2026-04-15T15:41:53.585Z] GET /api/v1/teams/registrations/69dbebf21459d2a84fe9c20e - Status: 200 - IP: ::1 - User: Guest - ResponseTime: 279ms
[2026-04-15T15:43:06.587Z] GET /api/v1/auth/me - Status: 200 - IP: ::1 - User: Guest - ResponseTime: 88ms
[2026-04-15T15:43:06.666Z] GET /api/v1/events - Status: 200 - IP: ::1 - User: Guest - ResponseTime: 72ms
[2026-04-15T15:43:06.789Z] GET /api/v1/teams/registrations/69dbebf21459d2a84fe9c20e - Status: 200 - IP: ::1 - User: Guest - ResponseTime: 116ms
[2026-04-15T15:43:20.250Z] GET /api/v1/auth/me - Status: 200 - IP: ::1 - User: Guest - ResponseTime: 1038ms
[2026-04-15T15:43:20.363Z] GET /api/v1/events - Status: 200 - IP: ::1 - User: Guest - ResponseTime: 105ms
[2026-04-15T15:43:20.779Z] GET /api/v1/teams/registrations/69dbebf21459d2a84fe9c20e - Status: 200 - IP: ::1 - User: Guest - ResponseTime: 311ms
[2026-04-15T15:43:31.125Z] GET /api/v1/auth/me - Status: 200 - IP: ::1 - User: Guest - ResponseTime: 75ms
[2026-04-15T15:43:31.211Z] GET /api/v1/auth/me - Status: 200 - IP: ::1 - User: Guest - ResponseTime: 76ms
[2026-04-15T15:43:31.330Z] GET /api/v1/events/69dbebf21459d2a84fe9c20e - Status: 200 - IP: ::1 - User: Guest - ResponseTime: 77ms
[2026-04-15T15:43:31.519Z] GET /api/v1/teams/registrations/69dbebf21459d2a84fe9c20e - Status: 200 - IP: ::1 - User: Guest - ResponseTime: 111ms
[2026-04-15T15:43:31.672Z] GET /api/v1/schedule/69dbebf21459d2a84fe9c20e - Status: 200 - IP: ::1 - User: Guest - ResponseTime: 144ms
[2026-04-15T16:15:58.562Z] POST /api/v1/auth/login - Status: 200 - IP: ::1 - User: Guest - ResponseTime: 357ms
[2026-04-15T16:16:00.427Z] GET /api/v1/auth/me - Status: 200 - IP: ::1 - User: Guest - ResponseTime: 82ms
[2026-04-15T16:16:00.718Z] GET /api/v1/events - Status: 200 - IP: ::1 - User: Guest - ResponseTime: 285ms
[2026-04-15T16:16:00.843Z] GET /api/v1/events/69dbebf21459d2a84fe9c20e - Status: 200 - IP: ::1 - User: Guest - ResponseTime: 119ms
[2026-04-15T16:16:01.200Z] GET /api/v1/teams/checkregistration/69dbebf21459d2a84fe9c20e - Status: 200 - IP: ::1 - User: Guest - ResponseTime: 277ms
[2026-04-15T16:16:20.653Z] GET /api/v1/auth/me - Status: 200 - IP: ::1 - User: Guest - ResponseTime: 229ms
[2026-04-15T16:16:20.856Z] GET /api/v1/events - Status: 200 - IP: ::1 - User: Guest - ResponseTime: 191ms
[2026-04-15T16:16:21.084Z] GET /api/v1/events/69dbebf21459d2a84fe9c20e - Status: 200 - IP: ::1 - User: Guest - ResponseTime: 215ms
[2026-04-15T16:16:21.270Z] GET /api/v1/teams/checkregistration/69dbebf21459d2a84fe9c20e - Status: 200 - IP: ::1 - User: Guest - ResponseTime: 96ms
[2026-04-15T16:16:24.584Z] POST /api/v1/auth/logout - Status: 200 - IP: ::1 - User: Guest - ResponseTime: 247ms
[2026-04-15T16:16:24.694Z] GET /api/v1/auth/me - Status: 401 - IP: ::1 - User: Guest - ResponseTime: 0ms
[2026-04-15T16:16:34.229Z] POST /api/v1/auth/login - Status: 200 - IP: ::1 - User: Guest - ResponseTime: 650ms
[2026-04-15T16:16:36.334Z] GET /api/v1/auth/me - Status: 200 - IP: ::1 - User: Guest - ResponseTime: 186ms
[2026-04-15T16:16:37.460Z] GET /api/v1/auth/me - Status: 200 - IP: ::1 - User: Guest - ResponseTime: 219ms
[2026-04-15T16:16:37.604Z] GET /api/v1/events - Status: 200 - IP: ::1 - User: Guest - ResponseTime: 139ms
[2026-04-15T16:16:37.775Z] GET /api/v1/events/69dbebf21459d2a84fe9c20e - Status: 200 - IP: ::1 - User: Guest - ResponseTime: 163ms
[2026-04-15T16:16:38.118Z] GET /api/v1/teams/registrations/69dbebf21459d2a84fe9c20e - Status: 200 - IP: ::1 - User: Guest - ResponseTime: 296ms
[2026-04-15T16:16:47.504Z] GET /api/v1/auth/me - Status: 200 - IP: ::1 - User: Guest - ResponseTime: 134ms
[2026-04-15T16:16:47.638Z] GET /api/v1/auth/me - Status: 200 - IP: ::1 - User: Guest - ResponseTime: 128ms
[2026-04-15T16:16:47.755Z] GET /api/v1/events/69dbebf21459d2a84fe9c20e - Status: 200 - IP: ::1 - User: Guest - ResponseTime: 112ms
[2026-04-15T16:16:47.939Z] GET /api/v1/events/69dbebf21459d2a84fe9c20e - Status: 200 - IP: ::1 - User: Guest - ResponseTime: 178ms
[2026-04-15T16:16:48.143Z] GET /api/v1/teams/registrations/69dbebf21459d2a84fe9c20e - Status: 200 - IP: ::1 - User: Guest - ResponseTime: 345ms
[2026-04-15T16:16:48.346Z] GET /api/v1/schedule/69dbebf21459d2a84fe9c20e - Status: 200 - IP: ::1 - User: Guest - ResponseTime: 186ms
[2026-04-15T16:17:03.653Z] GET /api/v1/auth/me - Status: 200 - IP: ::1 - User: Guest - ResponseTime: 157ms
[2026-04-15T16:17:03.893Z] GET /api/v1/auth/me - Status: 200 - IP: ::1 - User: Guest - ResponseTime: 142ms
[2026-04-15T16:17:04.164Z] GET /api/v1/events/69dbebf21459d2a84fe9c20e - Status: 200 - IP: ::1 - User: Guest - ResponseTime: 137ms
[2026-04-15T16:17:04.420Z] GET /api/v1/events/69dbebf21459d2a84fe9c20e - Status: 200 - IP: ::1 - User: Guest - ResponseTime: 204ms
[2026-04-15T16:17:04.622Z] GET /api/v1/teams/registrations/69dbebf21459d2a84fe9c20e - Status: 200 - IP: ::1 - User: Guest - ResponseTime: 389ms
[2026-04-15T16:17:04.926Z] GET /api/v1/schedule/69dbebf21459d2a84fe9c20e - Status: 200 - IP: ::1 - User: Guest - ResponseTime: 286ms
[2026-04-15T16:17:08.066Z] GET /api/v1/auth/me - Status: 200 - IP: ::1 - User: Guest - ResponseTime: 106ms
[2026-04-15T16:17:08.230Z] GET /api/v1/auth/me - Status: 200 - IP: ::1 - User: Guest - ResponseTime: 73ms
[2026-04-15T16:17:08.484Z] GET /api/v1/events/69dbebf21459d2a84fe9c20e - Status: 200 - IP: ::1 - User: Guest - ResponseTime: 74ms
[2026-04-15T16:17:08.707Z] GET /api/v1/events/69dbebf21459d2a84fe9c20e - Status: 200 - IP: ::1 - User: Guest - ResponseTime: 102ms
[2026-04-15T16:17:09.735Z] GET /api/v1/teams/registrations/69dbebf21459d2a84fe9c20e - Status: 200 - IP: ::1 - User: Guest - ResponseTime: 1128ms
[2026-04-15T16:17:09.945Z] GET /api/v1/schedule/69dbebf21459d2a84fe9c20e - Status: 200 - IP: ::1 - User: Guest - ResponseTime: 176ms
[2026-04-15T16:17:44.777Z] GET /api/v1/auth/me - Status: 200 - IP: ::1 - User: Guest - ResponseTime: 179ms
[2026-04-15T16:17:44.906Z] GET /api/v1/auth/me - Status: 200 - IP: ::1 - User: Guest - ResponseTime: 113ms
[2026-04-15T16:17:45.203Z] GET /api/v1/events/69dbebf21459d2a84fe9c20e - Status: 200 - IP: ::1 - User: Guest - ResponseTime: 194ms
[2026-04-15T16:17:45.351Z] GET /api/v1/events/69dbebf21459d2a84fe9c20e - Status: 200 - IP: ::1 - User: Guest - ResponseTime: 135ms
[2026-04-15T16:17:45.552Z] GET /api/v1/teams/registrations/69dbebf21459d2a84fe9c20e - Status: 200 - IP: ::1 - User: Guest - ResponseTime: 323ms
[2026-04-15T16:17:45.756Z] GET /api/v1/schedule/69dbebf21459d2a84fe9c20e - Status: 200 - IP: ::1 - User: Guest - ResponseTime: 177ms
[2026-04-15T16:19:07.698Z] GET /api/v1/auth/me - Status: 200 - IP: ::1 - User: Guest - ResponseTime: 327ms
[2026-04-15T16:19:07.804Z] GET /api/v1/auth/me - Status: 200 - IP: ::1 - User: Guest - ResponseTime: 89ms
[2026-04-15T16:19:08.095Z] GET /api/v1/events/69dbebf21459d2a84fe9c20e - Status: 200 - IP: ::1 - User: Guest - ResponseTime: 123ms
[2026-04-15T16:19:08.351Z] GET /api/v1/events/69dbebf21459d2a84fe9c20e - Status: 200 - IP: ::1 - User: Guest - ResponseTime: 175ms
[2026-04-15T16:19:08.438Z] GET /api/v1/teams/registrations/69dbebf21459d2a84fe9c20e - Status: 200 - IP: ::1 - User: Guest - ResponseTime: 255ms
[2026-04-15T16:19:08.647Z] GET /api/v1/schedule/69dbebf21459d2a84fe9c20e - Status: 200 - IP: ::1 - User: Guest - ResponseTime: 191ms
[2026-04-15T16:19:32.665Z] GET /api/v1/auth/me - Status: 200 - IP: ::1 - User: Guest - ResponseTime: 135ms
[2026-04-15T16:19:33.272Z] GET /api/v1/auth/me - Status: 200 - IP: ::1 - User: Guest - ResponseTime: 317ms
[2026-04-15T16:19:35.083Z] GET /api/v1/events/69dbebf21459d2a84fe9c20e - Status: 200 - IP: ::1 - User: Guest - ResponseTime: 1670ms
[2026-04-15T16:19:35.161Z] GET /api/v1/events/69dbebf21459d2a84fe9c20e - Status: 200 - IP: ::1 - User: Guest - ResponseTime: 464ms
[2026-04-15T16:19:35.298Z] GET /api/v1/auth/me - Status: 200 - IP: ::1 - User: Guest - ResponseTime: 96ms
[2026-04-15T16:19:35.590Z] GET /api/v1/auth/me - Status: 200 - IP: ::1 - User: Guest - ResponseTime: 75ms
[2026-04-15T16:19:35.895Z] GET /api/v1/events/69dbebf21459d2a84fe9c20e - Status: 200 - IP: ::1 - User: Guest - ResponseTime: 82ms
[2026-04-15T16:19:36.084Z] GET /api/v1/events/69dbebf21459d2a84fe9c20e - Status: 200 - IP: ::1 - User: Guest - ResponseTime: 78ms
[2026-04-15T16:19:36.151Z] GET /api/v1/teams/registrations/69dbebf21459d2a84fe9c20e - Status: 200 - IP: ::1 - User: Guest - ResponseTime: 121ms
[2026-04-15T16:19:36.351Z] GET /api/v1/schedule/69dbebf21459d2a84fe9c20e - Status: 200 - IP: ::1 - User: Guest - ResponseTime: 123ms
[2026-04-15T16:19:41.759Z] GET /api/v1/auth/me - Status: 200 - IP: ::1 - User: Guest - ResponseTime: 82ms
[2026-04-15T16:19:42.034Z] GET /api/v1/auth/me - Status: 200 - IP: ::1 - User: Guest - ResponseTime: 75ms
[2026-04-15T16:19:42.343Z] GET /api/v1/events/69dbebf21459d2a84fe9c20e - Status: 200 - IP: ::1 - User: Guest - ResponseTime: 81ms
[2026-04-15T16:19:42.587Z] GET /api/v1/events/69dbebf21459d2a84fe9c20e - Status: 200 - IP: ::1 - User: Guest - ResponseTime: 126ms
[2026-04-15T16:19:43.441Z] GET /api/v1/teams/registrations/69dbebf21459d2a84fe9c20e - Status: 200 - IP: ::1 - User: Guest - ResponseTime: 957ms
[2026-04-15T16:19:43.650Z] GET /api/v1/schedule/69dbebf21459d2a84fe9c20e - Status: 200 - IP: ::1 - User: Guest - ResponseTime: 169ms
[2026-04-15T16:20:01.412Z] GET /api/v1/auth/me - Status: 200 - IP: ::1 - User: Guest - ResponseTime: 140ms
[2026-04-15T16:20:01.726Z] GET /api/v1/auth/me - Status: 200 - IP: ::1 - User: Guest - ResponseTime: 140ms
[2026-04-15T16:20:02.027Z] GET /api/v1/events/69dbebf21459d2a84fe9c20e - Status: 200 - IP: ::1 - User: Guest - ResponseTime: 153ms
[2026-04-15T16:20:02.283Z] GET /api/v1/events/69dbebf21459d2a84fe9c20e - Status: 200 - IP: ::1 - User: Guest - ResponseTime: 212ms
[2026-04-15T16:20:02.411Z] GET /api/v1/teams/registrations/69dbebf21459d2a84fe9c20e - Status: 200 - IP: ::1 - User: Guest - ResponseTime: 320ms
[2026-04-15T16:20:03.297Z] GET /api/v1/schedule/69dbebf21459d2a84fe9c20e - Status: 200 - IP: ::1 - User: Guest - ResponseTime: 863ms
[2026-04-15T16:20:31.718Z] GET /api/v1/auth/me - Status: 200 - IP: ::1 - User: Guest - ResponseTime: 296ms
[2026-04-15T16:20:31.843Z] GET /api/v1/auth/me - Status: 200 - IP: ::1 - User: Guest - ResponseTime: 108ms
[2026-04-15T16:20:32.159Z] GET /api/v1/events/69dbebf21459d2a84fe9c20e - Status: 200 - IP: ::1 - User: Guest - ResponseTime: 160ms
[2026-04-15T16:20:33.026Z] GET /api/v1/events/69dbebf21459d2a84fe9c20e - Status: 200 - IP: ::1 - User: Guest - ResponseTime: 826ms
[2026-04-15T16:20:33.069Z] GET /api/v1/teams/registrations/69dbebf21459d2a84fe9c20e - Status: 200 - IP: ::1 - User: Guest - ResponseTime: 858ms
[2026-04-15T16:20:33.235Z] GET /api/v1/schedule/69dbebf21459d2a84fe9c20e - Status: 200 - IP: ::1 - User: Guest - ResponseTime: 137ms
[2026-04-15T16:20:37.267Z] GET /api/v1/auth/me - Status: 200 - IP: ::1 - User: Guest - ResponseTime: 215ms
[2026-04-15T16:20:37.496Z] GET /api/v1/auth/me - Status: 200 - IP: ::1 - User: Guest - ResponseTime: 85ms
[2026-04-15T16:20:37.814Z] GET /api/v1/events/69dbebf21459d2a84fe9c20e - Status: 200 - IP: ::1 - User: Guest - ResponseTime: 104ms
[2026-04-15T16:20:38.227Z] GET /api/v1/events/69dbebf21459d2a84fe9c20e - Status: 200 - IP: ::1 - User: Guest - ResponseTime: 323ms
[2026-04-15T16:20:38.393Z] GET /api/v1/teams/registrations/69dbebf21459d2a84fe9c20e - Status: 200 - IP: ::1 - User: Guest - ResponseTime: 471ms
[2026-04-15T16:20:39.159Z] GET /api/v1/schedule/69dbebf21459d2a84fe9c20e - Status: 200 - IP: ::1 - User: Guest - ResponseTime: 748ms
[2026-04-15T16:20:44.778Z] GET /api/v1/auth/me - Status: 200 - IP: ::1 - User: Guest - ResponseTime: 114ms
[2026-04-15T16:20:45.077Z] GET /api/v1/auth/me - Status: 200 - IP: ::1 - User: Guest - ResponseTime: 75ms
[2026-04-15T16:20:45.432Z] GET /api/v1/events/69dbebf21459d2a84fe9c20e - Status: 200 - IP: ::1 - User: Guest - ResponseTime: 115ms
[2026-04-15T16:20:45.601Z] GET /api/v1/events/69dbebf21459d2a84fe9c20e - Status: 200 - IP: ::1 - User: Guest - ResponseTime: 80ms
[2026-04-15T16:20:45.689Z] GET /api/v1/teams/registrations/69dbebf21459d2a84fe9c20e - Status: 200 - IP: ::1 - User: Guest - ResponseTime: 151ms
[2026-04-15T16:20:45.873Z] GET /api/v1/schedule/69dbebf21459d2a84fe9c20e - Status: 200 - IP: ::1 - User: Guest - ResponseTime: 113ms
[2026-04-15T16:20:53.749Z] GET /api/v1/auth/me - Status: 200 - IP: ::1 - User: Guest - ResponseTime: 279ms
[2026-04-15T16:20:54.107Z] GET /api/v1/auth/me - Status: 200 - IP: ::1 - User: Guest - ResponseTime: 121ms
[2026-04-15T16:20:54.401Z] GET /api/v1/events/69dbebf21459d2a84fe9c20e - Status: 200 - IP: ::1 - User: Guest - ResponseTime: 83ms
[2026-04-15T16:20:54.598Z] GET /api/v1/events/69dbebf21459d2a84fe9c20e - Status: 200 - IP: ::1 - User: Guest - ResponseTime: 74ms
[2026-04-15T16:20:54.666Z] GET /api/v1/teams/registrations/69dbebf21459d2a84fe9c20e - Status: 200 - IP: ::1 - User: Guest - ResponseTime: 131ms
[2026-04-15T16:20:54.872Z] GET /api/v1/schedule/69dbebf21459d2a84fe9c20e - Status: 200 - IP: ::1 - User: Guest - ResponseTime: 114ms
[2026-04-15T16:21:01.270Z] GET /api/v1/auth/me - Status: 200 - IP: ::1 - User: Guest - ResponseTime: 255ms
[2026-04-15T16:21:01.574Z] GET /api/v1/auth/me - Status: 200 - IP: ::1 - User: Guest - ResponseTime: 169ms
[2026-04-15T16:21:01.813Z] GET /api/v1/events/69dbebf21459d2a84fe9c20e - Status: 200 - IP: ::1 - User: Guest - ResponseTime: 85ms
[2026-04-15T16:21:02.005Z] GET /api/v1/events/69dbebf21459d2a84fe9c20e - Status: 200 - IP: ::1 - User: Guest - ResponseTime: 74ms
[2026-04-15T16:21:02.079Z] GET /api/v1/teams/registrations/69dbebf21459d2a84fe9c20e - Status: 200 - IP: ::1 - User: Guest - ResponseTime: 132ms
[2026-04-15T16:21:02.317Z] GET /api/v1/schedule/69dbebf21459d2a84fe9c20e - Status: 200 - IP: ::1 - User: Guest - ResponseTime: 190ms
[2026-04-15T16:21:07.416Z] GET /api/v1/auth/me - Status: 200 - IP: ::1 - User: Guest - ResponseTime: 171ms
[2026-04-15T16:21:07.838Z] GET /api/v1/auth/me - Status: 200 - IP: ::1 - User: Guest - ResponseTime: 204ms
[2026-04-15T16:21:08.096Z] GET /api/v1/events/69dbebf21459d2a84fe9c20e - Status: 200 - IP: ::1 - User: Guest - ResponseTime: 146ms
[2026-04-15T16:21:08.386Z] GET /api/v1/events/69dbebf21459d2a84fe9c20e - Status: 200 - IP: ::1 - User: Guest - ResponseTime: 232ms
[2026-04-15T16:21:08.479Z] GET /api/v1/teams/registrations/69dbebf21459d2a84fe9c20e - Status: 200 - IP: ::1 - User: Guest - ResponseTime: 309ms
[2026-04-15T16:21:08.783Z] GET /api/v1/schedule/69dbebf21459d2a84fe9c20e - Status: 200 - IP: ::1 - User: Guest - ResponseTime: 204ms
[2026-04-15T16:21:15.860Z] GET /api/v1/auth/me - Status: 200 - IP: ::1 - User: Guest - ResponseTime: 152ms
[2026-04-15T16:21:16.040Z] GET /api/v1/auth/me - Status: 200 - IP: ::1 - User: Guest - ResponseTime: 120ms
[2026-04-15T16:21:16.263Z] GET /api/v1/events/69dbebf21459d2a84fe9c20e - Status: 200 - IP: ::1 - User: Guest - ResponseTime: 113ms
[2026-04-15T16:21:16.615Z] GET /api/v1/events/69dbebf21459d2a84fe9c20e - Status: 200 - IP: ::1 - User: Guest - ResponseTime: 275ms
[2026-04-15T16:21:16.724Z] GET /api/v1/teams/registrations/69dbebf21459d2a84fe9c20e - Status: 200 - IP: ::1 - User: Guest - ResponseTime: 372ms
[2026-04-15T16:21:16.971Z] GET /api/v1/schedule/69dbebf21459d2a84fe9c20e - Status: 200 - IP: ::1 - User: Guest - ResponseTime: 214ms
[2026-04-15T16:22:24.178Z] GET /api/v1/auth/me - Status: 200 - IP: ::1 - User: Guest - ResponseTime: 76ms
[2026-04-15T16:22:24.525Z] GET /api/v1/auth/me - Status: 200 - IP: ::1 - User: Guest - ResponseTime: 111ms
[2026-04-15T16:22:24.881Z] GET /api/v1/events/69dbebf21459d2a84fe9c20e - Status: 200 - IP: ::1 - User: Guest - ResponseTime: 160ms
[2026-04-15T16:22:25.052Z] GET /api/v1/events/69dbebf21459d2a84fe9c20e - Status: 200 - IP: ::1 - User: Guest - ResponseTime: 136ms
[2026-04-15T16:22:25.242Z] GET /api/v1/teams/registrations/69dbebf21459d2a84fe9c20e - Status: 200 - IP: ::1 - User: Guest - ResponseTime: 308ms
[2026-04-15T16:22:25.547Z] GET /api/v1/schedule/69dbebf21459d2a84fe9c20e - Status: 200 - IP: ::1 - User: Guest - ResponseTime: 279ms
[2026-04-15T16:23:01.218Z] GET /api/v1/auth/me - Status: 200 - IP: ::1 - User: Guest - ResponseTime: 165ms
[2026-04-15T16:23:01.515Z] GET /api/v1/auth/me - Status: 200 - IP: ::1 - User: Guest - ResponseTime: 151ms
[2026-04-15T16:23:01.821Z] GET /api/v1/events/69dbebf21459d2a84fe9c20e - Status: 200 - IP: ::1 - User: Guest - ResponseTime: 180ms
[2026-04-15T16:23:01.981Z] GET /api/v1/events/69dbebf21459d2a84fe9c20e - Status: 200 - IP: ::1 - User: Guest - ResponseTime: 142ms
[2026-04-15T16:23:02.477Z] GET /api/v1/teams/registrations/69dbebf21459d2a84fe9c20e - Status: 200 - IP: ::1 - User: Guest - ResponseTime: 620ms
[2026-04-15T16:23:02.718Z] GET /api/v1/schedule/69dbebf21459d2a84fe9c20e - Status: 200 - IP: ::1 - User: Guest - ResponseTime: 213ms
[2026-04-15T16:23:08.003Z] GET /api/v1/auth/me - Status: 200 - IP: ::1 - User: Guest - ResponseTime: 84ms
[2026-04-15T16:23:08.338Z] GET /api/v1/auth/me - Status: 200 - IP: ::1 - User: Guest - ResponseTime: 76ms
[2026-04-15T16:23:08.631Z] GET /api/v1/events/69dbebf21459d2a84fe9c20e - Status: 200 - IP: ::1 - User: Guest - ResponseTime: 75ms
[2026-04-15T16:23:08.836Z] GET /api/v1/events/69dbebf21459d2a84fe9c20e - Status: 200 - IP: ::1 - User: Guest - ResponseTime: 76ms
[2026-04-15T16:23:08.927Z] GET /api/v1/teams/registrations/69dbebf21459d2a84fe9c20e - Status: 200 - IP: ::1 - User: Guest - ResponseTime: 149ms
[2026-04-15T16:23:09.118Z] GET /api/v1/schedule/69dbebf21459d2a84fe9c20e - Status: 200 - IP: ::1 - User: Guest - ResponseTime: 140ms
[2026-04-15T16:23:11.274Z] GET /api/v1/auth/me - Status: 200 - IP: ::1 - User: Guest - ResponseTime: 152ms
[2026-04-15T16:23:11.518Z] GET /api/v1/auth/me - Status: 200 - IP: ::1 - User: Guest - ResponseTime: 79ms
[2026-04-15T16:23:11.806Z] GET /api/v1/events/69dbebf21459d2a84fe9c20e - Status: 200 - IP: ::1 - User: Guest - ResponseTime: 73ms
[2026-04-15T16:23:12.009Z] GET /api/v1/events/69dbebf21459d2a84fe9c20e - Status: 200 - IP: ::1 - User: Guest - ResponseTime: 75ms
[2026-04-15T16:23:12.107Z] GET /api/v1/teams/registrations/69dbebf21459d2a84fe9c20e - Status: 200 - IP: ::1 - User: Guest - ResponseTime: 157ms
[2026-04-15T16:23:12.266Z] GET /api/v1/schedule/69dbebf21459d2a84fe9c20e - Status: 200 - IP: ::1 - User: Guest - ResponseTime: 105ms
[2026-04-15T16:26:26.089Z] GET /api/v1/auth/me - Status: 200 - IP: ::1 - User: Guest - ResponseTime: 161ms
[2026-04-15T16:26:26.290Z] GET /api/v1/auth/me - Status: 200 - IP: ::1 - User: Guest - ResponseTime: 158ms
[2026-04-15T16:26:26.497Z] GET /api/v1/events/69dbebf21459d2a84fe9c20e - Status: 200 - IP: ::1 - User: Guest - ResponseTime: 139ms
[2026-04-15T16:26:26.738Z] GET /api/v1/events/69dbebf21459d2a84fe9c20e - Status: 200 - IP: ::1 - User: Guest - ResponseTime: 176ms
[2026-04-15T16:26:27.004Z] GET /api/v1/teams/registrations/69dbebf21459d2a84fe9c20e - Status: 200 - IP: ::1 - User: Guest - ResponseTime: 430ms
[2026-04-15T16:26:27.349Z] GET /api/v1/schedule/69dbebf21459d2a84fe9c20e - Status: 200 - IP: ::1 - User: Guest - ResponseTime: 327ms
[2026-04-15T16:28:39.746Z] GET /api/v1/auth/me - Status: 200 - IP: ::1 - User: Guest - ResponseTime: 102ms
[2026-04-15T16:28:40.029Z] GET /api/v1/auth/me - Status: 200 - IP: ::1 - User: Guest - ResponseTime: 186ms
[2026-04-15T16:28:40.237Z] GET /api/v1/events/69dbebf21459d2a84fe9c20e - Status: 200 - IP: ::1 - User: Guest - ResponseTime: 162ms
[2026-04-15T16:28:40.488Z] GET /api/v1/events/69dbebf21459d2a84fe9c20e - Status: 200 - IP: ::1 - User: Guest - ResponseTime: 212ms
[2026-04-15T16:28:40.644Z] GET /api/v1/teams/registrations/69dbebf21459d2a84fe9c20e - Status: 200 - IP: ::1 - User: Guest - ResponseTime: 355ms
[2026-04-15T16:28:41.305Z] GET /api/v1/schedule/69dbebf21459d2a84fe9c20e - Status: 200 - IP: ::1 - User: Guest - ResponseTime: 637ms
[2026-04-15T17:00:13.520Z] GET /api/v1/auth/me - Status: 401 - IP: ::1 - User: Guest - ResponseTime: 1ms
[2026-04-15T17:00:14.132Z] GET /api/v1/auth/me - Status: 401 - IP: ::1 - User: Guest - ResponseTime: 0ms
[2026-04-15T17:00:27.859Z] POST /api/v1/auth/login - Status: 200 - IP: ::1 - User: Guest - ResponseTime: 2342ms
[2026-04-15T17:00:49.709Z] GET /api/v1/auth/me - Status: 200 - IP: ::1 - User: Guest - ResponseTime: 19544ms
[2026-04-15T17:00:49.770Z] GET /api/v1/auth/me - Status: 200 - IP: ::1 - User: Guest - ResponseTime: 4626ms
[2026-04-15T17:00:49.991Z] GET /api/v1/events - Status: 200 - IP: ::1 - User: Guest - ResponseTime: 213ms
[2026-04-15T17:00:50.120Z] GET /api/v1/events/69dbebf21459d2a84fe9c20e - Status: 200 - IP: ::1 - User: Guest - ResponseTime: 95ms
[2026-04-15T17:00:50.454Z] GET /api/v1/teams/checkregistration/69dbebf21459d2a84fe9c20e - Status: 200 - IP: ::1 - User: Guest - ResponseTime: 238ms
[2026-04-15T17:00:50.851Z] GET /api/v1/auth/me - Status: 200 - IP: ::1 - User: Guest - ResponseTime: 9221ms
[2026-04-15T17:01:00.583Z] GET /api/v1/payment/69df970a2621d221dae206ce/getstatus - Status: 200 - IP: ::1 - User: Guest - ResponseTime: 94ms
[2026-04-15T17:01:10.610Z] GET /api/v1/payment/69df970a2621d221dae206ce/getstatus - Status: 200 - IP: ::1 - User: Guest - ResponseTime: 118ms
[2026-04-15T17:01:15.534Z] POST /api/v1/auth/logout - Status: 200 - IP: ::1 - User: Guest - ResponseTime: 129ms
[2026-04-15T17:01:16.324Z] GET /api/v1/auth/me - Status: 401 - IP: ::1 - User: Guest - ResponseTime: 0ms
[2026-04-15T17:01:34.606Z] POST /api/v1/auth/login - Status: 200 - IP: ::1 - User: Guest - ResponseTime: 1551ms
[2026-04-15T17:01:37.408Z] GET /api/v1/auth/me - Status: 200 - IP: ::1 - User: Guest - ResponseTime: 141ms
[2026-04-15T17:01:38.954Z] GET /api/v1/auth/me - Status: 200 - IP: ::1 - User: Guest - ResponseTime: 141ms
[2026-04-15T17:01:39.298Z] GET /api/v1/events - Status: 200 - IP: ::1 - User: Guest - ResponseTime: 282ms
[2026-04-15T17:01:39.466Z] GET /api/v1/events/69dbebf21459d2a84fe9c20e - Status: 200 - IP: ::1 - User: Guest - ResponseTime: 148ms
[2026-04-15T17:01:39.812Z] GET /api/v1/teams/registrations/69dbebf21459d2a84fe9c20e - Status: 200 - IP: ::1 - User: Guest - ResponseTime: 285ms
[2026-04-15T17:01:45.901Z] GET /api/v1/auth/me - Status: 200 - IP: ::1 - User: Guest - ResponseTime: 117ms
[2026-04-15T17:01:46.121Z] GET /api/v1/auth/me - Status: 200 - IP: ::1 - User: Guest - ResponseTime: 146ms
[2026-04-15T17:01:46.312Z] GET /api/v1/events/69dbebf21459d2a84fe9c20e - Status: 200 - IP: ::1 - User: Guest - ResponseTime: 119ms
[2026-04-15T17:01:46.566Z] GET /api/v1/events/69dbebf21459d2a84fe9c20e - Status: 200 - IP: ::1 - User: Guest - ResponseTime: 180ms
[2026-04-15T17:01:46.873Z] GET /api/v1/teams/registrations/69dbebf21459d2a84fe9c20e - Status: 200 - IP: ::1 - User: Guest - ResponseTime: 476ms
[2026-04-15T17:01:47.076Z] GET /api/v1/schedule/69dbebf21459d2a84fe9c20e - Status: 200 - IP: ::1 - User: Guest - ResponseTime: 188ms
[2026-04-15T17:04:28.831Z] GET /api/v1/auth/me - Status: 200 - IP: ::1 - User: Guest - ResponseTime: 139ms
[2026-04-15T17:04:28.960Z] GET /api/v1/auth/me - Status: 200 - IP: ::1 - User: Guest - ResponseTime: 113ms
[2026-04-15T17:04:29.369Z] GET /api/v1/events/69dbebf21459d2a84fe9c20e - Status: 200 - IP: ::1 - User: Guest - ResponseTime: 93ms
[2026-04-15T17:04:29.452Z] GET /api/v1/events/69dbebf21459d2a84fe9c20e - Status: 200 - IP: ::1 - User: Guest - ResponseTime: 72ms
[2026-04-15T17:04:29.616Z] GET /api/v1/teams/registrations/69dbebf21459d2a84fe9c20e - Status: 200 - IP: ::1 - User: Guest - ResponseTime: 112ms
[2026-04-15T17:04:29.756Z] GET /api/v1/schedule/69dbebf21459d2a84fe9c20e - Status: 200 - IP: ::1 - User: Guest - ResponseTime: 111ms
[2026-04-15T17:04:31.422Z] GET /api/v1/auth/me - Status: 200 - IP: ::1 - User: Guest - ResponseTime: 116ms
[2026-04-15T17:04:31.529Z] GET /api/v1/auth/me - Status: 200 - IP: ::1 - User: Guest - ResponseTime: 93ms
[2026-04-15T17:04:31.819Z] GET /api/v1/events/69dbebf21459d2a84fe9c20e - Status: 200 - IP: ::1 - User: Guest - ResponseTime: 94ms
[2026-04-15T17:04:31.939Z] GET /api/v1/events/69dbebf21459d2a84fe9c20e - Status: 200 - IP: ::1 - User: Guest - ResponseTime: 108ms
[2026-04-15T17:04:32.107Z] GET /api/v1/teams/registrations/69dbebf21459d2a84fe9c20e - Status: 200 - IP: ::1 - User: Guest - ResponseTime: 144ms
[2026-04-15T17:04:32.325Z] GET /api/v1/schedule/69dbebf21459d2a84fe9c20e - Status: 200 - IP: ::1 - User: Guest - ResponseTime: 195ms
[2026-04-15T17:04:33.705Z] GET /api/v1/auth/me - Status: 200 - IP: ::1 - User: Guest - ResponseTime: 448ms
[2026-04-15T17:04:33.821Z] GET /api/v1/auth/me - Status: 200 - IP: ::1 - User: Guest - ResponseTime: 100ms
[2026-04-15T17:04:34.027Z] GET /api/v1/events/69dbebf21459d2a84fe9c20e - Status: 200 - IP: ::1 - User: Guest - ResponseTime: 71ms
[2026-04-15T17:04:34.134Z] GET /api/v1/events/69dbebf21459d2a84fe9c20e - Status: 200 - IP: ::1 - User: Guest - ResponseTime: 89ms
[2026-04-15T17:04:34.332Z] GET /api/v1/teams/registrations/69dbebf21459d2a84fe9c20e - Status: 200 - IP: ::1 - User: Guest - ResponseTime: 164ms
[2026-04-15T17:04:34.463Z] GET /api/v1/schedule/69dbebf21459d2a84fe9c20e - Status: 200 - IP: ::1 - User: Guest - ResponseTime: 106ms
[2026-04-15T17:04:51.586Z] GET /api/v1/auth/me - Status: 200 - IP: ::1 - User: Guest - ResponseTime: 838ms
[2026-04-15T17:04:51.687Z] GET /api/v1/auth/me - Status: 200 - IP: ::1 - User: Guest - ResponseTime: 88ms
[2026-04-15T17:04:51.952Z] GET /api/v1/events/69dbebf21459d2a84fe9c20e - Status: 200 - IP: ::1 - User: Guest - ResponseTime: 134ms
[2026-04-15T17:04:52.028Z] GET /api/v1/events/69dbebf21459d2a84fe9c20e - Status: 200 - IP: ::1 - User: Guest - ResponseTime: 68ms
[2026-04-15T17:04:52.225Z] GET /api/v1/teams/registrations/69dbebf21459d2a84fe9c20e - Status: 200 - IP: ::1 - User: Guest - ResponseTime: 106ms
[2026-04-15T17:04:52.365Z] GET /api/v1/schedule/69dbebf21459d2a84fe9c20e - Status: 200 - IP: ::1 - User: Guest - ResponseTime: 112ms
[2026-04-15T17:05:00.695Z] GET /api/v1/auth/me - Status: 200 - IP: ::1 - User: Guest - ResponseTime: 77ms
[2026-04-15T17:05:00.767Z] GET /api/v1/auth/me - Status: 200 - IP: ::1 - User: Guest - ResponseTime: 66ms
[2026-04-15T17:05:00.847Z] GET /api/v1/events/69dbebf21459d2a84fe9c20e - Status: 200 - IP: ::1 - User: Guest - ResponseTime: 70ms
[2026-04-15T17:05:00.995Z] GET /api/v1/events/69dbebf21459d2a84fe9c20e - Status: 200 - IP: ::1 - User: Guest - ResponseTime: 72ms
[2026-04-15T17:05:01.196Z] GET /api/v1/teams/registrations/69dbebf21459d2a84fe9c20e - Status: 200 - IP: ::1 - User: Guest - ResponseTime: 112ms
[2026-04-15T17:05:01.314Z] GET /api/v1/schedule/69dbebf21459d2a84fe9c20e - Status: 200 - IP: ::1 - User: Guest - ResponseTime: 99ms
[2026-04-15T17:05:14.698Z] GET /api/v1/auth/me - Status: 200 - IP: ::1 - User: Guest - ResponseTime: 74ms
[2026-04-15T17:05:15.107Z] GET /api/v1/auth/me - Status: 200 - IP: ::1 - User: Guest - ResponseTime: 297ms
[2026-04-15T17:05:15.289Z] GET /api/v1/events/69dbebf21459d2a84fe9c20e - Status: 200 - IP: ::1 - User: Guest - ResponseTime: 134ms
[2026-04-15T17:05:15.462Z] GET /api/v1/events/69dbebf21459d2a84fe9c20e - Status: 200 - IP: ::1 - User: Guest - ResponseTime: 117ms
[2026-04-15T17:05:15.704Z] GET /api/v1/teams/registrations/69dbebf21459d2a84fe9c20e - Status: 200 - IP: ::1 - User: Guest - ResponseTime: 165ms
[2026-04-15T17:05:15.859Z] GET /api/v1/schedule/69dbebf21459d2a84fe9c20e - Status: 200 - IP: ::1 - User: Guest - ResponseTime: 132ms
[2026-05-28T06:20:37.428Z] POST /api/v1/auth/login - Status: 400 - IP: ::1 - User: Guest - ResponseTime: 94ms
[2026-05-28T06:20:51.914Z] POST /api/v1/auth/login - Status: 400 - IP: ::1 - User: Guest - ResponseTime: 60ms
[2026-05-28T06:22:00.093Z] POST /api/v1/auth/login - Status: 400 - IP: ::1 - User: Guest - ResponseTime: 82ms
[2026-05-28T06:22:48.228Z] POST /api/v1/auth/login - Status: 400 - IP: ::1 - User: Guest - ResponseTime: 64ms
[2026-05-28T06:23:26.321Z] GET /api/v1/auth/me - Status: 401 - IP: ::1 - User: Guest - ResponseTime: 1ms
[2026-05-28T06:29:20.999Z] POST /api/v1/auth/login - Status: 400 - IP: ::1 - User: Guest - ResponseTime: 183ms
[2026-05-28T06:29:52.371Z] GET /api/v1/auth/me - Status: 401 - IP: ::1 - User: Guest - ResponseTime: 0ms
[2026-05-28T06:30:41.044Z] GET /api/v1/auth/me - Status: 401 - IP: ::1 - User: Guest - ResponseTime: 0ms
[2026-05-28T06:30:50.817Z] GET /api/v1/auth/me - Status: 401 - IP: ::1 - User: Guest - ResponseTime: 0ms
[2026-05-28T06:31:18.901Z] GET /api/v1/auth/me - Status: 401 - IP: ::1 - User: Guest - ResponseTime: 0ms
[2026-05-28T06:31:18.904Z] GET /api/v1/events - Status: 401 - IP: ::1 - User: Guest - ResponseTime: 0ms
[2026-05-28T06:31:31.558Z] GET /api/v1/auth/me - Status: 401 - IP: ::1 - User: Guest - ResponseTime: 1ms
[2026-05-28T06:31:36.403Z] GET /api/v1/auth/me - Status: 401 - IP: ::1 - User: Guest - ResponseTime: 0ms
[2026-05-28T06:31:53.100Z] POST /api/v1/auth/login - Status: 400 - IP: ::1 - User: Guest - ResponseTime: 66ms
[2026-05-28T06:33:24.752Z] POST /api/v1/auth/login - Status: 400 - IP: ::1 - User: Guest - ResponseTime: 83ms
[2026-05-28T06:33:24.855Z] POST /api/v1/auth/login - Status: 400 - IP: ::1 - User: Guest - ResponseTime: 93ms
[2026-05-28T06:33:24.860Z] GET /api/v1/auth/me - Status: 401 - IP: ::1 - User: Guest - ResponseTime: 0ms
[2026-05-28T06:33:24.864Z] GET /api/v1/auth/me - Status: 401 - IP: ::1 - User: Guest - ResponseTime: 0ms
[2026-05-28T06:33:24.867Z] GET /api/v1/events - Status: 401 - IP: ::1 - User: Guest - ResponseTime: 0ms
[2026-05-28T06:33:24.871Z] POST /api/v1/events - Status: 401 - IP: ::1 - User: Guest - ResponseTime: 0ms
[2026-05-28T06:33:24.875Z] GET /api/v1/user/me - Status: 401 - IP: ::1 - User: Guest - ResponseTime: 1ms
[2026-05-28T06:33:24.879Z] PUT /api/v1/user/updateme - Status: 401 - IP: ::1 - User: Guest - ResponseTime: 1ms
[2026-05-28T06:33:44.221Z] POST /api/v1/auth/login - Status: 400 - IP: ::1 - User: Guest - ResponseTime: 5ms
[2026-05-28T06:33:53.048Z] POST /api/v1/auth/login - Status: 400 - IP: ::1 - User: Guest - ResponseTime: 3ms
[2026-05-28T06:36:00.308Z] POST /api/v1/auth/login - Status: 400 - IP: ::1 - User: Guest - ResponseTime: 125ms
[2026-05-28T06:36:01.504Z] POST /api/v1/auth/login - Status: 400 - IP: ::1 - User: Guest - ResponseTime: 108ms
[2026-05-28T06:36:02.447Z] POST /api/v1/auth/login - Status: 400 - IP: ::1 - User: Guest - ResponseTime: 130ms
[2026-05-28T06:36:41.749Z] POST /api/v1/auth/send-otp/signup - Status: 200 - IP: ::1 - User: Guest - ResponseTime: 4850ms
[2026-05-28T06:37:04.874Z] POST /api/v1/auth/verify-otp - Status: 200 - IP: ::1 - User: Guest - ResponseTime: 235ms
[2026-05-28T06:37:06.827Z] POST /api/v1/auth/signup - Status: 201 - IP: ::1 - User: Guest - ResponseTime: 1940ms
[2026-05-28T06:39:36.933Z] GET /api/v1/auth/me - Status: 401 - IP: ::1 - User: Guest - ResponseTime: 1ms
[2026-05-28T06:40:08.153Z] POST /api/v1/auth/login - Status: 400 - IP: ::1 - User: Guest - ResponseTime: 673ms
[2026-05-28T06:42:41.615Z] POST /api/v1/auth/login - Status: 200 - IP: ::1 - User: Guest - ResponseTime: 2049ms
[2026-05-28T06:42:43.778Z] GET /api/v1/auth/me - Status: 200 - IP: ::1 - User: Guest - ResponseTime: 276ms
[2026-05-28T06:42:44.177Z] GET /api/v1/events - Status: 200 - IP: ::1 - User: Guest - ResponseTime: 388ms
[2026-05-28T06:42:44.631Z] GET /api/v1/events/69dbebf21459d2a84fe9c20e - Status: 200 - IP: ::1 - User: Guest - ResponseTime: 447ms
[2026-05-28T06:42:45.579Z] GET /api/v1/teams/registrations/69dbebf21459d2a84fe9c20e - Status: 200 - IP: ::1 - User: Guest - ResponseTime: 914ms
[2026-05-28T06:43:45.532Z] GET /api/v1/events - Status: 401 - IP: ::1 - User: Guest - ResponseTime: 0ms
[2026-05-28T06:43:45.940Z] GET /api/v1/auth/me - Status: 500 - IP: ::1 - User: Guest - ResponseTime: 412ms
[2026-05-28T06:43:52.076Z] GET /api/v1/auth/me - Status: 500 - IP: ::1 - User: Guest - ResponseTime: 230ms
[2026-05-28T06:44:01.270Z] POST /api/v1/auth/login - Status: 200 - IP: ::1 - User: Guest - ResponseTime: 713ms
[2026-05-28T06:44:03.473Z] GET /api/v1/auth/me - Status: 200 - IP: ::1 - User: Guest - ResponseTime: 185ms
[2026-05-28T06:44:04.135Z] GET /api/v1/events - Status: 200 - IP: ::1 - User: Guest - ResponseTime: 470ms
[2026-05-28T06:44:04.809Z] GET /api/v1/events/69dbebf21459d2a84fe9c20e - Status: 200 - IP: ::1 - User: Guest - ResponseTime: 667ms
[2026-05-28T06:44:05.117Z] GET /api/v1/teams/registrations/69dbebf21459d2a84fe9c20e - Status: 200 - IP: ::1 - User: Guest - ResponseTime: 242ms
[2026-05-28T06:45:55.349Z] POST /api/v1/events - Status: 500 - IP: ::1 - User: Guest - ResponseTime: 519ms
[2026-05-28T06:46:25.917Z] POST /api/v1/events - Status: 500 - IP: ::1 - User: Guest - ResponseTime: 52ms
[2026-05-28T06:47:54.351Z] POST /api/v1/events - Status: 400 - IP: ::1 - User: Guest - ResponseTime: 68ms
[2026-05-28T06:49:22.490Z] POST /api/v1/events - Status: 400 - IP: ::1 - User: Guest - ResponseTime: 163ms
[2026-05-28T06:51:15.881Z] POST /api/v1/events - Status: 400 - IP: ::1 - User: Guest - ResponseTime: 471ms
[2026-05-28T06:51:27.683Z] POST /api/v1/events - Status: 400 - IP: ::1 - User: Guest - ResponseTime: 62ms
[2026-05-28T06:51:31.396Z] GET /api/v1/auth/me - Status: 200 - IP: ::1 - User: Guest - ResponseTime: 282ms
[2026-05-28T06:51:32.148Z] GET /api/v1/events - Status: 200 - IP: ::1 - User: Guest - ResponseTime: 577ms
[2026-05-28T06:51:32.454Z] GET /api/v1/events/69dbebf21459d2a84fe9c20e - Status: 200 - IP: ::1 - User: Guest - ResponseTime: 298ms
[2026-05-28T06:51:32.950Z] GET /api/v1/teams/registrations/69dbebf21459d2a84fe9c20e - Status: 200 - IP: ::1 - User: Guest - ResponseTime: 454ms
[2026-05-28T06:52:34.965Z] POST /api/v1/events - Status: 400 - IP: ::1 - User: Guest - ResponseTime: 114ms
[2026-05-28T06:52:56.341Z] POST /api/v1/events - Status: 400 - IP: ::1 - User: Guest - ResponseTime: 91ms
[2026-05-28T06:54:27.030Z] POST /api/v1/events - Status: 400 - IP: ::1 - User: Guest - ResponseTime: 1103ms
[2026-05-28T06:55:36.568Z] POST /api/v1/events - Status: 400 - IP: ::1 - User: Guest - ResponseTime: 74ms
[2026-05-28T06:56:20.151Z] POST /api/v1/events - Status: 400 - IP: ::1 - User: Guest - ResponseTime: 473ms
[2026-05-28T06:56:51.906Z] POST /api/v1/events - Status: 400 - IP: ::1 - User: Guest - ResponseTime: 69ms
[2026-05-28T06:57:32.181Z] POST /api/v1/events - Status: 400 - IP: ::1 - User: Guest - ResponseTime: 75ms
[2026-05-28T06:58:20.480Z] POST /api/v1/events - Status: 201 - IP: ::1 - User: Guest - ResponseTime: 184ms
[2026-05-28T06:58:35.406Z] POST /api/v1/auth/logout - Status: 200 - IP: ::1 - User: Guest - ResponseTime: 383ms
[2026-05-28T06:58:35.973Z] GET /api/v1/auth/me - Status: 401 - IP: ::1 - User: Guest - ResponseTime: 0ms
[2026-05-28T06:58:46.960Z] POST /api/v1/auth/login - Status: 200 - IP: ::1 - User: Guest - ResponseTime: 509ms
[2026-05-28T06:58:50.223Z] GET /api/v1/auth/me - Status: 200 - IP: ::1 - User: Guest - ResponseTime: 323ms
[2026-05-28T06:58:51.356Z] GET /api/v1/auth/me - Status: 200 - IP: ::1 - User: Guest - ResponseTime: 115ms
[2026-05-28T06:58:51.680Z] GET /api/v1/events - Status: 200 - IP: ::1 - User: Guest - ResponseTime: 312ms
[2026-05-28T06:58:51.915Z] GET /api/v1/events/6a17e78c409c9b1bda5d2132 - Status: 200 - IP: ::1 - User: Guest - ResponseTime: 119ms
[2026-05-28T06:58:52.037Z] GET /api/v1/events/69dbebf21459d2a84fe9c20e - Status: 200 - IP: ::1 - User: Guest - ResponseTime: 114ms
[2026-05-28T06:58:52.344Z] GET /api/v1/teams/checkregistration/6a17e78c409c9b1bda5d2132 - Status: 200 - IP: ::1 - User: Guest - ResponseTime: 245ms
[2026-05-28T06:58:52.690Z] GET /api/v1/teams/checkregistration/69dbebf21459d2a84fe9c20e - Status: 200 - IP: ::1 - User: Guest - ResponseTime: 338ms
[2026-05-28T06:59:02.908Z] GET /api/v1/payment/69df970a2621d221dae206ce/getstatus - Status: 200 - IP: ::1 - User: Guest - ResponseTime: 164ms
[2026-05-28T06:59:12.951Z] GET /api/v1/payment/69df970a2621d221dae206ce/getstatus - Status: 200 - IP: ::1 - User: Guest - ResponseTime: 204ms
[2026-06-03T06:23:00.113Z] GET /api/v1/auth/me - Status: 401 - IP: ::1 - User: Guest - ResponseTime: 3ms
[2026-06-03T06:23:09.714Z] POST /api/v1/auth/login - Status: 200 - IP: ::1 - User: Guest - ResponseTime: 802ms
[2026-06-03T06:23:11.931Z] GET /api/v1/auth/me - Status: 200 - IP: ::1 - User: Guest - ResponseTime: 419ms
[2026-06-03T06:23:13.066Z] GET /api/v1/events - Status: 200 - IP: ::1 - User: Guest - ResponseTime: 793ms
[2026-06-03T06:23:13.372Z] GET /api/v1/events/6a17e78c409c9b1bda5d2132 - Status: 200 - IP: ::1 - User: Guest - ResponseTime: 295ms
[2026-06-03T06:23:13.999Z] GET /api/v1/events/69dbebf21459d2a84fe9c20e - Status: 200 - IP: ::1 - User: Guest - ResponseTime: 596ms
[2026-06-03T06:23:15.095Z] GET /api/v1/teams/registrations/6a17e78c409c9b1bda5d2132 - Status: 200 - IP: ::1 - User: Guest - ResponseTime: 865ms
[2026-06-03T06:23:15.122Z] GET /api/v1/teams/registrations/69dbebf21459d2a84fe9c20e - Status: 200 - IP: ::1 - User: Guest - ResponseTime: 888ms
[2026-06-03T06:24:18.915Z] GET /api/v1/auth/me - Status: 401 - IP: ::1 - User: Guest - ResponseTime: 0ms
[2026-06-03T06:24:18.969Z] GET /api/v1/auth/me - Status: 401 - IP: ::1 - User: Guest - ResponseTime: 0ms
[2026-06-03T06:25:06.218Z] POST /api/v1/auth/send-otp/signup - Status: 200 - IP: ::1 - User: Guest - ResponseTime: 4806ms
[2026-06-03T06:25:37.138Z] POST /api/v1/auth/verify-otp - Status: 200 - IP: ::1 - User: Guest - ResponseTime: 457ms
[2026-06-03T06:25:38.574Z] POST /api/v1/auth/signup - Status: 201 - IP: ::1 - User: Guest - ResponseTime: 1426ms
[2026-06-03T06:25:41.877Z] GET /api/v1/auth/me - Status: 200 - IP: ::1 - User: Guest - ResponseTime: 478ms
[2026-06-03T06:25:42.157Z] GET /api/v1/events - Status: 200 - IP: ::1 - User: Guest - ResponseTime: 261ms
[2026-06-03T06:25:42.674Z] GET /api/v1/events/6a17e78c409c9b1bda5d2132 - Status: 200 - IP: ::1 - User: Guest - ResponseTime: 509ms
[2026-06-03T06:25:43.083Z] GET /api/v1/events/69dbebf21459d2a84fe9c20e - Status: 200 - IP: ::1 - User: Guest - ResponseTime: 400ms
[2026-06-03T06:25:44.354Z] GET /api/v1/teams/checkregistration/6a17e78c409c9b1bda5d2132 - Status: 200 - IP: ::1 - User: Guest - ResponseTime: 1243ms
[2026-06-03T06:25:45.129Z] GET /api/v1/teams/checkregistration/69dbebf21459d2a84fe9c20e - Status: 200 - IP: ::1 - User: Guest - ResponseTime: 764ms
[2026-06-03T06:31:36.049Z] POST /api/v1/events - Status: 201 - IP: ::1 - User: Guest - ResponseTime: 352ms
[2026-06-03T06:32:31.669Z] GET /api/v1/auth/me - Status: 200 - IP: ::1 - User: Guest - ResponseTime: 507ms
[2026-06-03T06:32:32.792Z] GET /api/v1/events - Status: 200 - IP: ::1 - User: Guest - ResponseTime: 1111ms
[2026-06-03T06:32:33.191Z] GET /api/v1/events/6a1fca47ef4a9aef79fad9a2 - Status: 200 - IP: ::1 - User: Guest - ResponseTime: 394ms
[2026-06-03T06:32:33.604Z] GET /api/v1/events/6a17e78c409c9b1bda5d2132 - Status: 200 - IP: ::1 - User: Guest - ResponseTime: 405ms
[2026-06-03T06:32:34.115Z] GET /api/v1/events/69dbebf21459d2a84fe9c20e - Status: 200 - IP: ::1 - User: Guest - ResponseTime: 506ms
[2026-06-03T06:32:34.927Z] GET /api/v1/teams/checkregistration/6a1fca47ef4a9aef79fad9a2 - Status: 200 - IP: ::1 - User: Guest - ResponseTime: 805ms
[2026-06-03T06:32:35.543Z] GET /api/v1/teams/checkregistration/6a17e78c409c9b1bda5d2132 - Status: 200 - IP: ::1 - User: Guest - ResponseTime: 612ms
[2026-06-03T06:32:36.261Z] GET /api/v1/teams/checkregistration/69dbebf21459d2a84fe9c20e - Status: 200 - IP: ::1 - User: Guest - ResponseTime: 714ms
